smiles,Class,source
CC(=O)Nc1ccc(cc1)O,1,cpdb
CC(=O)c1ccc(cc1)S(=O)(=O)NC(=O)NC1CCCCC1,0,cpdb
CC(=NNc1ncc(s1)c1ccc(o1)[N+](=O)[O-])C,1,cpdb
CC(=NO)C,1,cpdb
CC(=O)OC(C=C)c1cc2c(cc1)OCO2,1,cpdb
CC(=O)Nc1ccc(cc1)c1ccccc1,1,cpdb
CC(=O)Nc1cccc2-c3c(Cc12)cccc3,0,cpdb
CC(=O)Nc1cc2c(-c3ccccc3C2)cc1,1,cpdb
CC(=O)Nc1cccc2c1-c1ccccc1C2,0,cpdb
CC(=O)Nc1ccc(cc1)CC(=O)O,0,cpdb
CC(=O)N[C@@H](CS)C(=O)O,0,cpdb
C=CC=O,0,cpdb
CCOC(C=C)OCC,0,cpdb
C=C/C=N/O,0,cpdb
CC1(C=Cc2c3c(c(cc2O1)OC)c(=O)c1ccccc1n3C)C,1,cpdb
C=CC(=O)N,1,cpdb
C=CC(=O)O,0,cpdb
C=CC#N,1,cpdb
C(CCC(=O)N)CC(=O)N,0,cpdb
c1coc(c1)/C(=C/c1ccc(o1)[N+](=O)[O-])/C(=O)N,1,cpdb
COc1c2c3c([C@@H](CC3)O)c(=O)oc2c2[C@@H]3C=CO[C@H]3Oc2c1,1,cpdb
COc1c2c3c(C(=O)CC3)c(=O)oc2c2C3C=COC3Oc2c1,1,cpdb
COc1c2c3c(C(=O)OCC3)c(=O)oc2c2C3C=COC3Oc2c1,1,cpdb
C=CCOc1c(cc(cc1)CC(=O)O)Cl,0,cpdb
CC(C)(/C=N/OC(=O)NC)SC,0,cpdb
C1[C@@H]2C=CC1[C@H]1[C@@H]2[C@]2(C(=C(C1(C2(Cl)Cl)Cl)Cl)Cl)Cl,0,cpdb
CCCCCCCCCCC(C)c1ccc(cc1)S(=O)(=O)[O-],0,cpdb
CCCCCCCCCC[N+](C)(C)[O-],0,cpdb
C1(C(=O)NC(=O)N1)NC(=O)N,0,cpdb
C=CCO,0,cpdb
C=CCOCC1CO1,0,cpdb
C=CCN=C=S,1,cpdb
CC(C)CC(=O)OCC=C,1,cpdb
C=CCN(C(=O)N)N=O,1,cpdb
c1ccc2c(c1)C(=O)c1c(C2=O)c(c(cc1Br)Br)N,1,cpdb
CCOc1c(cc(cc1)NC(=O)C)N,0,cpdb
CCn1c2c(cc(cc2)N)c2ccccc12,1,cpdb
c1c(nc(s1)N=C(N)N)CSCCNc1nsnc1N,1,cpdb
Cc1c(c2c(cc1)C(=O)c1ccccc1C2=O)N,1,cpdb
c1c(oc(c1)[N+](=O)[O-])c1nnc(o1)N,1,cpdb
c1c(oc(c1)[N+](=O)[O-])c1nnc(s1)N,1,cpdb
c1c(oc(c1)[N+](=O)[O-])c1csc(n1)N,1,cpdb
c1cc(c(cc1[N+](=O)[O-])N)O,1,cpdb
c1cc(c(cc1[N+](=O)[O-])O)N,1,cpdb
c1cc(c(cc1N)[N+](=O)[O-])O,1,cpdb
c1c(sc(n1)N)[N+](=O)[O-],1,cpdb
c1ccc(cc1)C1C(=O)N=C(O1)N,0,cpdb
c1ccc2c(c1)C(=O)c1c(C2=O)cc(cc1)N,1,cpdb
Cc1ccccc1N=Nc1cc(c(cc1)N)C,1,cpdb
C(CCC(=O)O)CCN,0,cpdb
c1ccc(cc1)c1ccc(cc1)N,1,cpdb
C1CCC(CC1)(CC(=O)O)CN,1,cpdb
c1cc(ccc1N)N(CCO)CCO,0,cpdb
C(CCCCCN)CCCCC(=O)O,1,cpdb
C(C(=O)O)C(CC(=O)[O-])(C(=O)[O-])O,0,cpdb
CCC1(C(=O)NC(=O)NC1=O)CCC(C)C,0,cpdb
CC(Cc1ccccc1)N,0,cpdb
CC1([C@@H](N2[C@H](S1)[C@@H](C2=O)NC(=O)[C@@H](c1ccccc1)N)C(=O)O)C,0,cpdb
CCCCCN(C(=O)N)N=O,1,cpdb
C/C=C/c1ccc(cc1)OC,0,cpdb
c1ccc(c(c1)Nc1nc(nc(n1)Cl)Cl)Cl,0,cpdb
COc1ccccc1N,1,cpdb
COc1ccc(cc1)N,0,cpdb
c1ccc(c(c1)C(=O)O)N,0,cpdb
CC(COc1ccc(cc1)C(C)(C)C)OS(=O)OCCCl,1,cpdb
COc1cccc2c3c(c(cc12)[N+](=O)[O-])c(cc1c3OCO1)C(=O)[O-],1,cpdb
c1cc(cc(c1)Cl)c1cc(cc(c1)Cl)Cl,1,cpdb
c1cc(c(c(c1)Cl)Cl)c1c(cc(cc1)Cl)Cl,1,cpdb
c1cc(c(c(c1)Cl)Cl)c1c(c(c(cc1)Cl)Cl)Cl,1,cpdb
c1cc(c(c(c1c1c(c(c(cc1)Cl)Cl)Cl)Cl)Cl)Cl,1,cpdb
C(C(C1C(=C(C(=O)O1)O)[O-])O)O,0,cpdb
C([C@@H]([C@@H]1C(=C(C(=O)O1)O)O)O)O,0,cpdb
COC(=O)[C@H](Cc1ccccc1)NC(=O)[C@H](CC(=O)O)N,0,cpdb
CC(=O)Oc1ccccc1C(=O)O,0,cpdb
COc1ccc(cc1)CCN1CCC(CC1)Nc1nc2ccccc2n1Cc1ccc(cc1)F,0,cpdb
CC(C)NCC(COc1ccc(cc1)CC(=O)N)O,0,cpdb
CCNc1nc(nc(n1)Cl)NC(C)C,1,cpdb
CN1[C@@H]2CC[C@H]1CC(C2)OC(=O)C(CO)c1ccccc1,0,cpdb
CN(C)c1ccc(cc1)C(=N)c1ccc(cc1)N(C)C,1,cpdb
c1nc(nc(=O)n1[C@H]1[C@@H]([C@@H]([C@H](O1)CO)O)O)N,1,cpdb
c1nn(c(=O)nc1N)[C@H]1[C@@H]([C@@H]([C@H](O1)CO)O)O,0,cpdb
C([C@@H](C(=O)O)N)O/C(=C/[N+]#N)/[O-],1,cpdb
Cn1cnc(c1Sc1ncnc2c1[nH]cn2)[N+](=O)[O-],0,cpdb
CC1=C(C(C(=C(N1)N)C(=O)OC1CN(C1)C(c1ccccc1)c1ccccc1)c1cc(ccc1)[N+](=O)[O-])C(=O)OC(C)C,0,cpdb
COP(=S)(OC)SCn1c(=O)c2ccccc2nn1,0,cpdb
c1ccc(cc1)N=Nc1ccccc1,1,cpdb
CCCN=[N+](CCC)[O-],1,cpdb
CC(C)N=[N+](C(C)C)[O-],1,cpdb
Cc1cn(c(=O)[nH]c1=O)[C@H]1C[C@@H]([C@H](O1)CO)N=[N+]=[N-],1,cpdb
CCC1(C(=O)NC(=NC1=O)[O-])CC,1,cpdb
C1C(=O)NC(=O)NC1=O,0,cpdb
CCOCCc1c(nc(n2c1ncn2)N)c1ccccc1,1,cpdb
c1cc(ccc1C(=O)O)N/N=C/1\C=CC(=O)C(=C1)C(=O)O,0,cpdb
c1ccc(cc1)C=O,0,cpdb
c1ccccc1,1,cpdb
c1cc(ccc1c1ccc(cc1)N)N,1,cpdb
c1ccc2c3c4c(cc2c1)ccc1c4c(ccc1)cc3,1,cpdb
c1ccc(cc1)C(=O)[O-],0,cpdb
c1ccc2c(c1)cco2,1,cpdb
c1ccc(cc1)c1nc(nc(n1)N)N,0,cpdb
c1ccc(cc1)C(=O)O,0,cpdb
c1ccc(cc1)C(C(=O)c1ccccc1)O,0,cpdb
c1cc2n[nH]nc2cc1,0,cpdb
CC(=O)OCc1ccccc1,0,cpdb
c1ccc(cc1)CO,0,cpdb
c1ccc(cc1)CCl,0,cpdb
c1ccc(cc1)Cc1c(ccc(c1)Cl)O,0,cpdb
c1ccc(cc1)CN=C=S,0,cpdb
c1ccc(cc1)CSC#N,0,cpdb
c1ccc(cc1)C[n+]1noc(c1CC(=O)N)[O-],1,cpdb
c1ccc(cc1)c1ccccc1N,0,cpdb
CC(CCl)OC(C)CCl,0,cpdb
C(C(CBr)Br)OP(=O)([O-])OCC(CBr)Br,1,cpdb
c1cc(ccc1Oc1c(cc(cn1)Cl)Cl)Oc1c(cc(cn1)Cl)Cl,0,cpdb
c1ccc2c(c1)c(nc(n2)c1ccc(s1)[N+](=O)[O-])N(CCO)CCO,1,cpdb
c1ccc2c(c1)c(nc(n2)c1cccs1)N(CCO)CCO,0,cpdb
CC(CNCC(C)O)O,0,cpdb
CC(C)(c1ccc(cc1)O)c1ccc(cc1)O,0,cpdb
CC(=O)Nc1c2c(c(cc1)S(=O)(=O)[O-])C=C(/C(=N\Nc1c3cc(ccc3c(cc1)N=Nc1ccc(cc1)S(=O)(=O)[O-])S(=O)(=O)[O-])/C2=O)S(=O)(=O)[O-],0,cpdb
c1ccc(cc1)N/N=C/1\C(=Cc2cc(c(c(c2C1=O)N)N=Nc1ccc(cc1)c1ccc(cc1)N=Nc1c(cc(cc1)N)N)S(=O)(=O)[O-])S(=O)(=O)[O-],1,cpdb
c1cc(ccc1c1ccc(cc1)N/N=C\1/C(=Cc2cc(cc(c2C1=O)N)S(=O)(=O)[O-])S(=O)(=O)[O-])N/N=C/1\C(=Cc2cc(cc(c2C1=O)N)S(=O)(=O)[O-])S(=O)(=O)[O-],1,cpdb
COc1c(ccc(c1)c1cc(c(cc1)N/N=C/1\C(=O)c2c(cc(cc2C=C1S(=O)(=O)[O-])S(=O)(=O)[O-])N)OC)N/N=C/1\C(=O)c2c(cc(cc2C=C1S(=O)(=O)[O-])S(=O)(=O)[O-])N,1,cpdb
c1cc(c2c(c1N)C(=O)c1c(ccc(c1C2=O)N)N)N,1,cpdb
CCN(Cc1cc(ccc1)S(=O)(=O)[O-])c1ccc(cc1)C(=C1C=CC(=[N+](CC)Cc2cc(ccc2)S(=O)(=O)[O-])C=C1)c1ccccc1S(=O)(=O)[O-],0,cpdb
c1cc2c(cc1S(=O)(=O)[O-])C(=O)/C(=C\1/C(=O)c3c(N1)ccc(c3)S(=O)(=O)[O-])/N2,0,cpdb
CNc1c(cc(cc1)N(CCO)CCO)[N+](=O)[O-],1,cpdb
c1cc(c(cc1N(CCO)CCO)[N+](=O)[O-])NCCO,0,cpdb
CC(C)C[C@H]1C(=O)N2CCC[C@H]2[C@]2(N1C(=O)[C@](O2)(C(C)C)NC(=O)[C@H]1CN([C@@H]2Cc3c([nH]c4cccc(c34)C2=C1)Br)C)O,1,cpdb
CCC[C@@H]1O[C@@H]2C[C@H]3[C@@H]4CCC5=CC(=O)C=C[C@@]5([C@H]4[C@H](C[C@@]3([C@@]2(O1)C(=O)CO)C)O)C,1,cpdb
CCCCOCCO,0,cpdb
CC(C)(C)O,1,cpdb
CCCCCl,0,cpdb
CCCCN(CCCCO)N=O,1,cpdb
CC(C)(C)c1cc(cc(c1O)C(C)(C)C)CO,0,cpdb
Cc1cc(c(cc1)O)C(C)(C)C,0,cpdb
CCCCN(/C(=N/[N+](=O)[O-])/N)N=O,0,cpdb
CCCCN(C(=O)N)N=O,1,cpdb
CC(C)(C)c1c(ccc(c1)OC)O,1,cpdb
Cc1cc(c(c(c1)C(C)(C)C)O)C(C)(C)C,0,cpdb
CC(C)(C)c1cc(c(c(c1)C(C)(C)C)O)C(C)(C)C,0,cpdb
CC(C)(C)c1ccc(cc1)O,0,cpdb
CCCCNC(=O)N,0,cpdb
CC1CC(=O)O1,1,cpdb
C1CC(=O)OC1,0,cpdb
c1cc(c(cc1/C=C/C(=O)O)O)O,1,cpdb
Cn1cnc2c1c(=O)n(c(=O)n2C)C,0,cpdb
CN(C)C(=O)COC(=O)Cc1ccc(cc1)OC(=O)c1ccc(cc1)N=C(N)N,0,cpdb
CCOc1nc2cccc(c2n1Cc1ccc(cc1)c1ccccc1c1n[nH]nn1)C(=O)OC(C)OC(=O)OC1CCCCC1,0,cpdb
C1CCC(=O)NCC1,0,cpdb
C1C=CCC2C1C(=O)N(C2=O)SC(C(Cl)Cl)(Cl)Cl,1,cpdb
C1C=CCC2C1C(=O)N(C2=O)SC(Cl)(Cl)Cl,1,cpdb
CNC(=O)Oc1cccc2ccccc12,1,cpdb
C(C(=O)O)N(C(=O)N)N=O,1,cpdb
CCC(CC)(C(=O)NC(=O)N)Br,0,cpdb
CC1=C(C(CCC1)(C)C)/C=C/C(=C/C=C/C(=C/C=C/C=C(/C=C/C=C(/C=C/C1=C(CCCC1(C)C)C)\C)\C)/C)/C,0,cpdb
c1ccc(c(c1)O)O,1,cpdb
Cc1ccc(cc1)c1cc(nn1c1ccc(cc1)S(=O)(=O)N)C(F)(F)F,0,cpdb
CCN(CC)C(=O)Nc1cc(c(cc1)OCC(CNC(C)(C)C)O)C(=O)C,0,cpdb
C[C@@H]1O[C@]2(CN3CCC2CC3)CS1,0,cpdb
c1c(cc(c(c1N)Cl)C(=O)O)Cl,0,cpdb
c1cc(ccc1CCCC(=O)O)N(CCCl)CCCl,1,cpdb
c1cc(ccc1[C@H]([C@@H](CO)NC(=O)C(Cl)Cl)O)[N+](=O)[O-],0,cpdb
C1[C@H]2[C@@H]([C@H]([C@@H]1Cl)Cl)[C@@]1(C(=C(C2(C1(Cl)Cl)Cl)Cl)Cl)Cl,0,cpdb
[C@@H]1([C@H]([C@@]2(C(=C([C@]1(C2(Cl)Cl)Cl)Cl)Cl)Cl)C(=O)O)C(=O)O,1,cpdb
CCC(CCC(C(CC(C(C(CCl)Cl)Cl)Cl)Cl)Cl)Cl,1,cpdb
CCCC(CCC(CCC(CCC(CCC(CCC(CCC(C)Cl)Cl)Cl)Cl)Cl)Cl)Cl,0,cpdb
c1cc(ccc1N)Oc1ccc(cc1)Cl,1,cpdb
C1(C(=C(C(=O)O1)Cl)C(Cl)Cl)O,1,cpdb
C[C@@H]1C[C@@H](CN(C1)S(=O)(=O)c1cc(c(cc1)Cl)C(=O)O)C,1,cpdb
c1cc(c(cc1[N+](=O)[O-])[N+](=O)[O-])Cl,0,cpdb
CC(=C)CCl,1,cpdb
c1ccc(c(c1)[N+](=O)[O-])Cl,0,cpdb
c1cc(ccc1[N+](=O)[O-])Cl,0,cpdb
c1cc(c(cc1N)N)Cl,1,cpdb
c1cc(c(cc1Cl)N)N,1,cpdb
c1cc(c(cc1N)Cl)N,0,cpdb
CC(CCl)O,0,cpdb
Cc1c(cc(cc1)N)Cl,0,cpdb
Cc1c(cc(cc1)Cl)N,0,cpdb
Cc1c(ccc(c1)Cl)N,0,cpdb
Cc1c(c(ccc1)Nc1cc(nc(n1)SCC(=O)O)Cl)C,1,cpdb
Cc1c(c(ccc1)Nc1cc(nc(n1)SCC(=O)NCCO)Cl)C,1,cpdb
c1ccc(cc1)C(=O)CCl,0,cpdb
CC(=O)Nc1ccc(cc1)C(=O)CCl,0,cpdb
c1ccc(c(c1)C=C(C#N)C#N)Cl,0,cpdb
c1ccc(cc1)Cl,1,cpdb
CCOC(=O)C(c1ccc(cc1)Cl)(c1ccc(cc1)Cl)O,0,cpdb
C[N+](C)(C)CCCl,0,cpdb
CC(CNC(=O)N(C(C)Cl)N=O)O,1,cpdb
c1ccnc(c1)CCl,0,cpdb
c1cc(cnc1)CCl,1,cpdb
CN(C)C(=O)Nc1ccc(cc1)Cl,1,cpdb
CC1c2nnc(n2-c2c(cc(s2)CCc2ccc(cc2)CC(C)C)C(=N1)c1ccccc1Cl)C,0,cpdb
C#CC(c1ccccc1)(c1ccc(cc1)Cl)OC(=O)N,1,cpdb
c1cc(ccc1Sc1cc(c(cc1Cl)Cl)Cl)Cl,0,cpdb
C(#N)c1c(c(c(c(c1Cl)Cl)Cl)C#N)Cl,1,cpdb
C(CCl)N(C(=O)N[C@@H]1[C@H]([C@@H]([C@H](O[C@@H]1O)CO)O)O)N=O,1,cpdb
C[NH+](C)CCC(c1ccc(cc1)Cl)c1ccccn1,0,cpdb
CCCNC(=O)NS(=O)(=O)c1ccc(cc1)Cl,0,cpdb
C[N+](C)(C)CCO,0,cpdb
c1cc2c(c(c1)O)C(=O)c1c(C2=O)cccc1O,1,cpdb
Cc1c(nc[nH]1)CSCCNC(=NC)NC#N,0,cpdb
c1ccc(cc1)/C=C/C=O,0,cpdb
c1ccc(cc1)/C=C/COC(=O)c1ccccc1N,1,cpdb
CC(C)(C(=O)O)Oc1ccc(cc1)C1CC1(Cl)Cl,1,cpdb
CC(=CCC/C(=C/C=O)/C)C,0,cpdb
C(C(=O)O)C(CC(=O)O)(C(=O)O)O,0,cpdb
C[C@H]1[C@@H](OC=C2C1=C(C(=C(C2=O)C(=O)O)O)C)C,1,cpdb
C[C@H]1/C=C(\C(=O)O[C@@H]2CC[N+]3(C2(C(=CC3)COC(=O)[C@@]1(C)OC(=O)C)[O-])C)/C=C,1,cpdb
CC(C)(C(=O)O)OCc1ccc(cc1)c1ccc(cc1)Cl,0,cpdb
CCOC(=O)C(C)(C)Oc1ccc(cc1)Cl,1,cpdb
c1cc(c(cc1[N+](=O)[O-])Cl)NC(=O)c1c(ccc(c1)Cl)O,0,cpdb
c1cc(cc(c1)Cl)c1cc(ccc1)Cl,1,cpdb
CN1CC[C@]23[C@@H]4[C@H]1Cc1c2c(c(cc1)OC)O[C@H]3[C@H](C=C4)O,0,cpdb
CN[C@H]1CCc2cc(c(c(c2-c2ccc(c(=O)cc12)OC)OC)OC)OC,0,cpdb
Cc1cc2c(cc1)c(nc(=O)n2C(C)C)c1cc(ccc1)O,0,cpdb
CCOP(=S)(OCC)Oc1cc2c(cc1)c(c(c(=O)o2)Cl)C,0,cpdb
c1ccc2c(c1)ccc(=O)o2,1,cpdb
Cc1c(ccc(c1)OC)N,1,cpdb
Cc1cc(c(cc1)OC)N,1,cpdb
C/C=C/C=O,1,cpdb
c1ccc(cc1)N(N=O)[O-],1,cpdb
CCNc1nc(nc(n1)Cl)NC(C)(C)C#N,1,cpdb
C1CCC(CC1)NS(=O)(=O)[O-],0,cpdb
c1cn2[C@H]3[C@H]([C@@H]([C@H](O3)CO)O)Oc2nc1=N,0,cpdb
C1CCC(=O)CC1,0,cpdb
C1CCC(CC1)N,0,cpdb
C1CCC(=NO)C1,1,cpdb
COc1c(cc(cc1)C(=O)Nc1c(cncc1Cl)Cl)OC1CCCC1,1,cpdb
C1CNP(=O)(OC1)N(CCCl)CCCl,1,cpdb
C([C@@H](C(=O)O)N)S,0,cpdb
COc1ccc(cc1)C(=O)/C(=C\C(=O)[O-])/Br,1,cpdb
CN(C)N/N=C\1/C(=NC=N1)C(=O)N,1,cpdb
CN(C)NC(=O)CCC(=O)O,1,cpdb
c1cc(ccc1N)S(=O)(=O)c1ccc(cc1)N,1,cpdb
c1cc(ccc1C(c1ccc(cc1)Cl)C(Cl)Cl)Cl,0,cpdb
c1cc(ccc1C(=C(Cl)Cl)c1ccc(cc1)Cl)Cl,0,cpdb
c1cc(ccc1C(c1ccc(cc1)Cl)C(Cl)(Cl)Cl)Cl,1,cpdb
CC1=N[C@@]2([C@H](O1)C[C@@H]1[C@@]2(C[C@@H]([C@H]2[C@H]1CCC1=CC(=O)C=C[C@]21C)O)C)C(=O)COC(=O)C,1,cpdb
C[C@]12CC[C@H]3[C@H]([C@@H]1CCC2=O)CC=C1[C@@]3(CC[C@@H](C1)O)C,1,cpdb
CC(=O)O[C@H]1CC[C@@]2([C@H]3CC[C@]4([C@H]([C@@H]3CC=C2C1)CCC4=O)C)C,1,cpdb
CC1([C@H]([C@H]1C(=O)O[C@H](C#N)c1cc(ccc1)Oc1ccccc1)C=C(Br)Br)C,0,cpdb
CO[C@H]1[C@@H](C[C@@H]2CN3CCc4c([C@H]3C[C@@H]2[C@@H]1C(=O)OC)[nH]c1ccccc41)OC(=O)c1cc(c(c(c1)OC)OC)OC,0,cpdb
C[C@@H]1C[C@H]2[C@@H]3CCC4=CC(=O)C=C[C@@]4([C@]3([C@H](C[C@@]2([C@]1(C(=O)CO)O)C)O)F)C,0,cpdb
CC(=O)N(c1cccc2-c3c(Cc12)cccc3)C(=O)C,1,cpdb
C=CCOC(=O)c1ccccc1C(=O)OCC=C,0,cpdb
C=CCN(CC=C)N=O,1,cpdb
c1c(oc(c1)[N+](=O)[O-])c1nc(nc(n1)N)N,1,cpdb
c1cc(c(cc1N)S(=O)(=O)[O-])/C=C/c1c(cc(cc1)N)S(=O)(=O)[O-],0,cpdb
COc1c(cc(cc1)N)N,1,cpdb
c1cc(c(cc1N)N)O,0,cpdb
Cc1c(cc(cc1)N)N,1,cpdb
Cc1c(cccc1N)N,0,cpdb
Cc1c(ccc(c1)N)N,0,cpdb
CN1C(=O)CN=C(c2c1ccc(c2)Cl)c1ccccc1,0,cpdb
CCOP(=S)(OCC)Oc1nc(nc(c1)C)C(C)C,0,cpdb
c1cc(c(cc1CCN)[N+]#N)[O-],1,cpdb
c1ccc2c(c1)Oc1ccccc1O2,0,cpdb
c1ccc2c(c1)c1c(o2)cc(cc1)N,1,cpdb
Cc1ncc(c(n1)N)CN(C=O)/C(=C(/CCOC(=O)c1ccccc1)\SC(=O)c1ccccc1)/C,0,cpdb
C(C(CBr)Br)Cl,1,cpdb
C([C@H]([C@@H]([C@@H]([C@H](CBr)O)O)O)O)Br,1,cpdb
C([C@@H]([C@H]([C@@H]([C@H](CBr)O)O)O)O)Br,1,cpdb
c1cc2c(cc(cc2nc1)Br)Br,0,cpdb
CCCCNC(=O)N(CCCC)N=O,1,cpdb
CCCC[Sn](CCCC)(OC(=O)C)OC(=O)C,0,cpdb
c1c(cc(c(c1Cl)N)Cl)N,0,cpdb
c1ccc(c(c1)Cl)Cl,0,cpdb
c1cc(ccc1Cl)Cl,1,cpdb
c1cc(c(cc1c1cc(c(cc1)N)Cl)Cl)N,1,cpdb
C(/C=C/CCl)Cl,1,cpdb
c1cc2c(cc1Cl)Oc1c(O2)cc(cc1)Cl,0,cpdb
c1cc(ccc1S(=O)(=O)c1ccc(cc1)Cl)Cl,0,cpdb
c1cc(c(cc1Cl)Cl)O,0,cpdb
c1cc(c(cc1Cl)Cl)OCC(=O)O,0,cpdb
CC(CCl)Cl,0,cpdb
COP(=O)(OC)OC=C(Cl)Cl,1,cpdb
c1cc(ccc1C(c1ccc(cc1)Cl)(C(Cl)(Cl)Cl)O)Cl,0,cpdb
C1CCC(CC1)NC(=S)NC1CCCCC1,0,cpdb
C1C2C3CC4C(C3C1C1C2O1)O4,0,cpdb
C1[C@@H]2[C@H]3[C@@H]([C@H]1[C@H]1[C@@H]2O1)[C@]1(C(=C([C@@]3(C1(Cl)Cl)Cl)Cl)Cl)Cl,0,cpdb
C12C3C(C4C1C1(C(C3(C4(C1(Cl)Cl)Cl)Cl)Cl)Cl)C1C2O1,0,cpdb
C1C(O1)C1CO1,0,cpdb
CCN(CC)c1ccc(cc1)N=Nc1cc[n+](cc1)[O-],1,cpdb
CCN(CC)C(=O)c1cc(ccc1)C,0,cpdb
CCOP(=S)(OCC)Oc1nc(c(cc1Cl)Cl)Cl,0,cpdb
CCN(CC)C(=O)C,1,cpdb
CCC(CC)C(=O)NC(=O)N,0,cpdb
CCN(CC)CC#CC(C)(C)OC(=O)C(C1CCCCC1)(c1ccccc1)O,0,cpdb
C(COCCO)O,1,cpdb
CCN(CC)C=O,0,cpdb
CCOC(=O)/C=C\C(=O)OCC,0,cpdb
CC/C(=C(/CC)\c1ccc(cc1)O)/c1ccc(cc1)O,1,cpdb
CCNC(=S)NCC,1,cpdb
C(CC(C(F)F)(C(=O)O)N)CN,0,cpdb
C1C(O1)COc1cc(ccc1)OCC1CO1,1,cpdb
C1N=C(NC(=O)N1[C@H]1[C@@H]([C@@H]([C@H](O1)CO)O)O)N,0,cpdb
c1ccc2c(c1)C(=O)NC(N2)c1ccc(s1)[N+](=O)[O-],1,cpdb
C1C=CCON1N=O,1,cpdb
C1CC(=O)Oc2ccccc12,1,cpdb
CCCc1cc2c(cc1)OCO2,1,cpdb
C[C@H](CC[C@H](C(C)(C)O)O)[C@H]1CC[C@@H]2[C@@]1(CCC/C/2=C\C=C/1\C[C@H](CCC1=C)O)C,0,cpdb
CC(C)CCCCCCOC(=O)c1ccccc1C(=O)OCCCCCCC(C)C,1,cpdb
C[C@H](CCc1ccccc1)NC[C@@H](c1cc(c(cc1)O)C(=O)N)O,0,cpdb
CC1(C(=O)NC(=O)O1)C,0,cpdb
CNC(=O)CSP(=S)(OC)OC,0,cpdb
COc1cc(c(cc1)OC)/C=C/c1ccc(cc1)N,1,cpdb
COc1cc(c(cc1)N)OC,0,cpdb
COc1c(ccc(c1)c1cc(c(cc1)N=C=O)OC)N=C=O,1,cpdb
COc1c(ccc(c1)c1cc(c(cc1)N)OC)N,1,cpdb
COc1cc(c2c3c(CCC3)c(=O)oc2c1)OC,0,cpdb
COc1cc(c2c(c1)oc(=O)c1c2C(=O)CC1)OC,0,cpdb
COc1cc(c2c3c(C(=O)CC3)c(=O)oc2c1)OC,0,cpdb
COc1c(c2c(c(c1)O)c(=O)c1c(cc3c(c1o2)C1C=COC1O3)OC)OC,1,cpdb
CC(=O)NCCSP(=S)(OC)OC,0,cpdb
CN(C)c1ccc(cc1)N=Nc1ccccc1,1,cpdb
CN(C(=O)c1ccccc1C(=O)N(C)N=O)N=O,0,cpdb
COP(=O)(C)OC,1,cpdb
COP(=O)(N1CCOCC1)OC,1,cpdb
Cc1cc(nc(n1)c1ccc(o1)[N+](=O)[O-])C,1,cpdb
Cc1ncc(n1C)[N+](=O)[O-],1,cpdb
COC(=O)c1ccc(cc1)C(=O)OC,0,cpdb
CC(=O)N(C)C,0,cpdb
CC[C@@H](C(C[C@H](C)N(C)C)(c1ccccc1)c1ccccc1)OC(=O)C,1,cpdb
CCC(=O)C(CC(C)N(C)C)(c1ccccc1)c1ccccc1,0,cpdb
CN(C)CNc1nnc(o1)/C=C/c1ccc(o1)[N+](=O)[O-],1,cpdb
CC[NH2+]C(=O)N(CCN(C)C)N=O,1,cpdb
Cc1c(c(ccc1)C)N,0,cpdb
CN(C)c1ccccc1,1,cpdb
CC1(C(=O)NC(=O)NC1=O)C,0,cpdb
Cc1c(ccc(c1)c1cc(c(cc1)N)C)N,1,cpdb
CCCCCCCCCCCC[N+](C)(C)[O-],0,cpdb
CN(C)C=O,0,cpdb
CN(C)Nc1nc(cs1)c1ccc(o1)[N+](=O)[O-],1,cpdb
CNC(=S)NC,0,cpdb
CC(=CCl)C,1,cpdb
CC(C)(C)c1cc(cc(c1OS(=O)(=O)C)[N+](=O)[O-])[N+](=O)[O-],0,cpdb
Cn1cnc(c1C(=O)N(C)N=O)N(C)N=O,1,cpdb
C1CN(CCN(C1)N=O)N=O,1,cpdb
C1N2CN(CN1CN(C2)N=O)N=O,0,cpdb
Cc1c(cccc1[N+](=O)[O-])[N+](=O)[O-],1,cpdb
C1COCCO1,1,cpdb
CCOP(=S)(OCC)SC1C(OCCO1)SP(=S)(OCC)OCC,0,cpdb
CCCCCN(CCCCC)N=O,1,cpdb
CN(C)CCOC(c1ccccc1)c1ccccc1,0,cpdb
c1ccc(cc1)Nc1ccc(cc1)Nc1ccccc1,0,cpdb
c1ccc(cc1)C1(C(=O)NC(=O)N1)c1ccccc1,0,cpdb
CCCN(CCC)c1ccc(cc1)N=Nc1cc[n+](cc1)[O-],0,cpdb
CCC(O)OC(CC)O,0,cpdb
Cc1c(c(=O)n(n1C)c1ccccc1)N(C)CS(=O)(=O)[O-],0,cpdb
c1nc(=O)c2c([nH]1)n(cn2)[C@H]1[C@@H]([C@@H]([C@H](O1)COP(=O)([O-])[O-])O)O,0,cpdb
CCCCCCCCCCCCC(=O)COC1=C(C(=O)O[C@@H]1[C@H](CO)O)O,0,cpdb
c1cc(c(cc1CC(C(=O)O)N)O)O,0,cpdb
c1cc(c(cc1CCN)O)O,0,cpdb
c1ccc(c(c1)C1=NC(C(=O)N(c2c1cc(cc2)Cl)CCO)O)F,0,cpdb
CC(c1ccccc1)(c1ccccn1)OCCN(C)C,1,cpdb
C(CN(CC(=O)[O-])CC(=O)[O-])N(CC(=O)O)CC(=O)[O-],0,cpdb
CC1=C(C(C(=C(N1)C)P1(=O)OCC(CO1)(C)C)c1cc(ccc1)[N+](=O)[O-])C(=O)OCCN(Cc1ccccc1)c1ccccc1,0,cpdb
c1c2c3c(c(c1O)O)oc(=O)c1cc(c(c(c31)oc2=O)O)O,0,cpdb
Cc1cc(c2c(c1)C(=O)c1cc(cc(c1C2=O)O)O)O,0,cpdb
C1C2C(COS(=O)O1)C1(C(=C(C2(C1(Cl)Cl)Cl)Cl)Cl)Cl,0,cpdb
C1[C@@H]2[C@@H]3[C@H]([C@H]1[C@H]1[C@@H]2O1)[C@@]1(C(=C([C@]3(C1(Cl)Cl)Cl)Cl)Cl)Cl,0,cpdb
C[C@@H]([C@@H](c1ccccc1)O)NC,0,cpdb
C1C(O1)CCl,1,cpdb
CCC1CO1,1,cpdb
C([C@H]([C@@H]1C(=C(C(=O)O1)O)O)O)[O-],0,cpdb
CC[C@@H]1[C@@]([C@@H]([C@H](C(=O)[C@@H](C[C@@]([C@@H]([C@H]([C@@H]([C@H](C(=O)O1)C)O[C@H]1C[C@@]([C@H]([C@@H](O1)C)O)(C)OC)C)O[C@H]1[C@@H]([C@H](C[C@H](O1)C)[NH+](C)C)O)(C)O)C)C)O)(C)O,0,cpdb
C1c2nncn2-c2c(cc(cc2)Cl)C(=N1)c1ccccc1,0,cpdb
C[C@]12CC[C@H]3[C@H]([C@@H]1CC[C@@H]2OC(=O)Cc1ccc(cc1)N(CCCl)CCCl)CCc1c3ccc(c1)OC(=O)Cc1ccc(cc1)N(CCCl)CCCl,0,cpdb
C[C@]12CC[C@H]3[C@H]([C@@H]1CC[C@]2(C#C)O)CCc1c3ccc(c1)O,1,cpdb
CCc1nccc(c1)C(=S)N,0,cpdb
CCSCC[C@@H](C(=O)O)N,1,cpdb
CCSCCC(C(=O)O)N,1,cpdb
CCOc1ccc(cc1)NC(=O)N,1,cpdb
CCOc1cc2c(cc1)NC(C=C2C)(C)C,0,cpdb
CCOC(=O)C=C,1,cpdb
CCN=[N+](CC)[O-],1,cpdb
CC[N+](=NC)[O-],1,cpdb
CCSC[C@@H](C(=O)O)N,0,cpdb
CCc1ccc(cc1)C(c1ccc(cc1)CC)C(Cl)Cl,0,cpdb
CCOC(=O)C1C(O1)(C)c1ccccc1,0,cpdb
CCN(C(=O)N)N=O,1,cpdb
CCOC1=C(C(=O)O[C@@H]1[C@H](CO)O)O,0,cpdb
CCc1ccccc1,1,cpdb
C1CNC(=S)N1,1,cpdb
C1CC2C(O2)CC1C1CO1,0,cpdb
CCCCC(CC)CO,0,cpdb
CCCCC(CC)COC(=O)CCCCC(=O)OCC(CC)CCCC,0,cpdb
CCCCC(CC)COC(=O)c1ccccc1C(=O)OCC(CC)CCCC,1,cpdb
CCN(C(=O)NCCO)N=O,1,cpdb
CCN(C(=O)NCC(=O)C)N=O,1,cpdb
CCN(C#N)N=O,1,cpdb
CCC(c1ccccc1)C(=O)NC(=O)N,0,cpdb
CC(=O)O[C@H]1CC[C@@H]2[C@H]3CC[C@]4([C@H]([C@@H]3CCC2=C1)CC[C@]4(C#C)OC(=O)C)C,0,cpdb
CCc1cccc2c1[nH]c1c2CCOC1(CC)CC(=O)O,0,cpdb
COc1c(ccc(c1)CC=C)O,0,cpdb
C1CC(n2cncc2C1)c1ccc(cc1)C#N,0,cpdb
CN(C)c1ccc(cc1)N=NS(=O)(=O)[O-],0,cpdb
Cc1c(ccc(c1)OP(=S)(OC)OC)SC,0,cpdb
CC(C)C(c1ccc(cc1)Cl)C(=O)OC(C#N)c1cc(ccc1)Oc1ccccc1,0,cpdb
C1CCNC(C1)CNC(=O)c1c(ccc(c1)OCC(F)(F)F)OCC(F)(F)F,0,cpdb
c1cc(c(cc1F)F)C(Cn1cncn1)(Cn1cncn1)O,1,cpdb
CN(C)C(=O)Nc1cccc(c1)C(F)(F)F,0,cpdb
C1c2ccccc2-c2c1cc(cc2)NC(=O)C(F)(F)F,1,cpdb
CC(=O)Nc1ccc(cc1)c1ccc(cc1)F,1,cpdb
C(CF)N(C(=O)N)N=O,1,cpdb
c1c(c(=O)[nH]c(=O)[nH]1)F,0,cpdb
CNCCC(c1ccccc1)Oc1ccc(cc1)C(F)(F)F,0,cpdb
CC(C)n1c2ccccc2c(c1/C=C/[C@H](C[C@H](CC(=O)O)O)O)c1ccc(cc1)F,1,cpdb
c1coc(c1)c1csc(n1)NNC=O,0,cpdb
Cc1csc(n1)NNC=O,1,cpdb
c1c(oc(c1)[N+](=O)[O-])c1csc(n1)NNC=O,1,cpdb
CCCC[C@H](C)[C@H]([C@@H](C[C@H](C)C[C@H](CCCC[C@H](C[C@@H]([C@H](C)N)O)O)O)OC(=O)C[C@H](CC(=O)O)C(=O)O)OC(=O)C[C@H](CC(=O)O)C(=O)O,1,cpdb
c1coc(c1)/C=N/NC(=O)N,0,cpdb
c1cocc1,1,cpdb
c1coc(c1)C=O,1,cpdb
c1coc(c1)CO,1,cpdb
c1coc(c1)CNc1cc(c(cc1C(=O)O)S(=O)(=O)N)Cl,0,cpdb
CC1=CC2[C@@](C(C1=O)O)([C@]1([C@@H]([C@H](C([C@]31CO3)O2)O)OC(=O)C)C)CO,0,cpdb
c1c(cc(c(c1O)O)O)C(=O)O,0,cpdb
CC(C)(CCCCCCC(C)(C)CO)CO,0,cpdb
Cc1cc(c(cc1)C)OCCCC(C)(C)C(=O)O,1,cpdb
CC(=CCC/C(=C/COC(=O)C)/C)C,0,cpdb
Cc1cccn2c1nc1c2nc(cc1)N,1,cpdb
c1cc2nc3c(n2cc1)nc(cc3)N,1,cpdb
C(CC=O)CC=O,0,cpdb
C(C(CCl)O)O,0,cpdb
C1C(O1)C=O,0,cpdb
C1C(O1)CO,1,cpdb
C[C@]12CC[C@](C[C@H]1C1=CC(=O)[C@@H]3[C@]4(CC[C@@H](C([C@@H]4CC[C@]3([C@@]1(CC2)C)C)(C)C)O)C)(C)C(=O)O,0,cpdb
CCN(Cc1cc(ccc1)S(=O)(=O)[O-])c1ccc(cc1)C(=C1C=CC(=[N+](CC)Cc2cc(ccc2)S(=O)(=O)[O-])C=C1)c1ccccc1,1,cpdb
CCN(Cc1cc(ccc1)S(=O)(=O)[O-])c1ccc(cc1)C(=C1C=CC(=[N+](CC)Cc2cc(ccc2)S(=O)(=O)[O-])C=C1)c1ccc(cc1)S(=O)(=O)[O-],1,cpdb
CCN(Cc1cc(ccc1)S(=O)(=O)[O-])c1ccc(cc1)C(=C1C=CC(=[N+](CC)Cc2cc(ccc2)S(=O)(=O)[O-])C=C1)c1c(cc(cc1)O)S(=O)(=O)[O-],0,cpdb
c1c2c(c(c(c1Cl)Cl)Cl)Oc1c(c(c(cc1O2)Cl)Cl)Cl,1,cpdb
C1c2cc(c(cc2[C@@H]2[C@]1(COc1c2ccc(c1O)O)O)O)O,1,cpdb
C1=CC(C2C1C1(C(=C(C2(C1(Cl)Cl)Cl)Cl)Cl)Cl)Cl,0,cpdb
C1CCCNCCC1,0,cpdb
CCCCCCCN,0,cpdb
c1(c(c(c(c(c1Cl)Cl)Cl)Cl)Cl)Cl,1,cpdb
C(=C(Cl)Cl)(C(=C(Cl)Cl)Cl)Cl,1,cpdb
C1(=C(C(C(=C1Cl)Cl)(Cl)Cl)Cl)Cl,0,cpdb
c1c(c(c(c(c1Cl)Cl)Cc1c(c(cc(c1Cl)Cl)Cl)O)O)Cl,0,cpdb
C/C=C/C=C/C=O,1,cpdb
C1N2CN3CN1CN(C2)C3,0,cpdb
C(N(CO)c1nc(nc(n1)N(CO)CO)N(CO)CO)O,1,cpdb
CN(C)P(=O)(N(C)C)N(C)C,1,cpdb
CCCCCC(=O)N,0,cpdb
CCCCCC,0,cpdb
CCCCCCOc1c(c(c(c(c1)C)O)C)C,0,cpdb
CCCCCCN(C(=O)N)N=O,1,cpdb
CCCCCCc1c(cc(cc1)O)O,0,cpdb
c1c([nH]cn1)C[C@@H](C(=O)O)N,0,cpdb
c1cc(ccc1c1csc(n1)NN)N,1,cpdb
c1c(oc(c1)[N+](=O)[O-])c1csc(n1)NN,1,cpdb
c1cc(ccc1c1csc(n1)NN)[N+](=O)[O-],1,cpdb
c1ccc(cc1)c1csc(n1)NN,0,cpdb
c1ccc(cc1)NNc1ccccc1,1,cpdb
C1Nc2cc(c(cc2S(=O)(=O)N1)S(=O)(=O)N)Cl,0,cpdb
C[C@]12CCC(=O)C=C1CC[C@@H]1[C@@H]2[C@H](C[C@]2([C@H]1CC[C@@]2(C(=O)CO)O)C)O,0,cpdb
c1cc(ccc1O)O,1,cpdb
CC(=O)Nc1c(cc(cc1)c1ccccc1)O,0,cpdb
CC(=O)N(c1cc2c(-c3ccccc3C2)cc1)O,1,cpdb
c1ccc(cc1)c1cc(c(cc1)N)O,0,cpdb
c1ccc2c(c1)C(=O)c1c(C2=O)c(ccc1)O,1,cpdb
C1CN(C(=O)N1CCO)/N=C/c1ccc(o1)[N+](=O)[O-],1,cpdb
CCNC(=O)N(CCO)N=O,1,cpdb
C(CO)N(C(=O)N)N=O,1,cpdb
c1ccc2c(c1)c(nc(n2)c1ccc(s1)[N+](=O)[O-])NCCO,1,cpdb
C(CN(C(=O)N)N=O)CO,1,cpdb
c1cc2c(c(c1)O)nccc2,0,cpdb
C=CC(c1cc2c(cc1)OCO2)O,1,cpdb
CC(C)Cc1ccc(cc1)C(C)C(=O)O,0,cpdb
CC(CN1CC(=O)NC(=O)C1)N1CC(=O)NC(=O)C1,1,cpdb
c1cn(nc1NC(=NCC(F)(F)F)N)CCCCC(=O)N,1,cpdb
CS(=O)(=O)OCCCNCCCOS(=O)(=O)C,0,cpdb
C(C(=O)O)NCC(=O)[O-],0,cpdb
CC1(c2c(ccc(c2)C2=NNC(=O)CC2)NC1=O)C,1,cpdb
Cc1c(c2c(n1C(=O)c1ccc(cc1)Cl)ccc(c2)OC)CC(=O)O,1,cpdb
CC(C1OCC(O1)CO)I,1,cpdb
CCN(CC)CCCNC(=O)Cn1c(c(cn1)c1ccccc1)c1ccccc1,0,cpdb
Cn1c2c(c3c(cc2)nccc3)nc1N,1,cpdb
c1cc(c(cc1Cl)c1nc(nc(n1)N)N)Cl,0,cpdb
C/C=C\1/C[C@H]([C@@](C(=O)OCC2=CC[N+]3([C@H]2[C@@H](CC3)OC1=O)[O-])(CO)O)C,1,cpdb
CC(=C)C,1,cpdb
CC(C)CON=O,1,cpdb
CC(C)CN(/C(=N/[N+](=O)[O-])/N)N=O,0,cpdb
CC(C)C=O,0,cpdb
COc1c(ccc(c1)S(=O)C)c1nc2c([nH]1)cncc2,1,cpdb
c1cnccc1C(=O)NN,1,cpdb
CC1=CC(=O)CC(C1)(C)C,1,cpdb
C1CN(P(=O)(OC1)NCCCl)CCCl,1,cpdb
CC(=C)C=C,1,cpdb
CC(C)O,0,cpdb
CC(C)OC(=O)Nc1cc(ccc1)Cl,0,cpdb
CC[C@H](C)[C@@H]1[C@H](CC[C@@]2(O1)C[C@@H]1C[C@H](O2)C/C=C(/[C@H]([C@H](/C=C/C=C/2\CO[C@H]3[C@@]2([C@@H](C=C([C@H]3O)C)C(=O)O1)O)C)O[C@H]1C[C@@H]([C@H]([C@@H](O1)C)O[C@H]1C[C@@H]([C@H]([C@@H](O1)C)O)OC)OC)\C)C,0,cpdb
C[C@@H]1C/C=C/C=C/[C@@H]([C@@H](C[C@@H]([C@@H](C([C@@H](CC(=O)O1)OC(=O)C)OC)O[C@H]1[C@@H]([C@H]([C@@H]([C@H](O1)C)O[C@H]1C[C@@]([C@@H]([C@@H](O1)C)OC(=O)CC(C)C)(C)O)N(C)C)O)CC=O)C)O,0,cpdb
c1cc(ccc1c1c(c(=O)c2c(cc(cc2o1)O)O)O)O,0,cpdb
c1c(cc(cc1Cl)Cl)c1cc(cc(c1)Cl)Cl,0,cpdb
C1(=O)C2(C3(C4(C1(C1(C2(C3(C(C41Cl)(Cl)Cl)Cl)Cl)Cl)Cl)Cl)Cl)Cl,1,cpdb
CC(c1cccc(c1)C(=O)c1ccccc1)C(=O)O,0,cpdb
C/C=C(/C)\C(=O)O[C@H]1CCN2[C@@H]1C(=CC2)COC(=O)[C@]([C@H](C)OC)(C(C)(C)O)O,1,cpdb
CC(C)(C)NC[C@@H](COc1cccc2c1CCCC2=O)O,0,cpdb
CC1=CC[C@@H](CC1)C(=C)C,1,cpdb
C[C@H](CCC(=O)O)[C@H]1CC[C@@H]2[C@@]1(CC[C@H]1[C@H]2CC[C@H]2[C@@]1(CC[C@H](C2)O)C)C,0,cpdb
CC(C1=NCCN1)Oc1c(cccc1Cl)Cl,0,cpdb
c1ccc2c(c1)c(nn2Cc1c(cc(cc1)Cl)Cl)C(=O)O,0,cpdb
CN1C(=C(c2c(S1(=O)=O)cc(s2)Cl)O)C(=O)Nc1ccccn1,0,cpdb
CC[C@H](C)C(=O)O[C@H]1C[C@H](C=C2[C@H]1[C@H]([C@H](C=C2)C)CC[C@@H]1C[C@H](CC(=O)O1)O)C,0,cpdb
Cn1c(nc(n1)CO)NCCCOc1cccc(c1)CN1CCCCC1,1,cpdb
Cc1ncc(cc1)Cc1cnc([nH]c1=O)NCCSCc1ccc(o1)CN(C)C,1,cpdb
CCOC(=O)CC(C(=O)OCC)SP(=O)(OC)OC,0,cpdb
CCOC(=O)CC(C(=O)OCC)SP(=S)(OC)OC,0,cpdb
c1cc(=O)[nH][nH]c1=O,0,cpdb
C(=C\[O-])/C=O,1,cpdb
C(CNC(=S)[S-])NC(=S)[S-],1,cpdb
CC1=C(C(C(=C(N1)C)C(=O)OCCN1CCN(CC1)C(c1ccccc1)c1ccccc1)c1cc(ccc1)[N+](=O)[O-])C(=O)OC,0,cpdb
C([C@H]([C@H]([C@@H]([C@@H](CO)O)O)O)O)O,0,cpdb
C(CCl)NC[C@H]([C@H]([C@@H]([C@@H](CNCCCl)O)O)O)O,0,cpdb
Cc1c(nc2c(c1)c1ccccc1[nH]2)[NH3+],1,cpdb
Cc1cnc2ccc3c(c2n1)nc(n3C)N,1,cpdb
c1(nc(nc(n1)N)N)N,1,cpdb
Cc1cnc(s1)NC(=O)C1=C(c2ccccc2S(=O)(=O)N1C)O,0,cpdb
c1cc(ccc1C[C@@H](C(=O)O)N)N(CCCl)CCCl,1,cpdb
CC1CCC(C(C1)O)C(C)C,0,cpdb
CCN(CC)CCOc1ccc(cc1)C(Cc1ccc(cc1)OC)(c1ccccc1)O,0,cpdb
c1ccc2c(c1)[nH]c(=S)s2,1,cpdb
c1nc2c([nH]1)c(=S)nc[nH]2,0,cpdb
CC1CN1P(=O)(N1CC1C)N1CC1C,1,cpdb
CC(=C)C#N,0,cpdb
CN(C)CCN(Cc1ccco1)c1ccccn1,0,cpdb
CN(C)CCN(Cc1cccs1)c1ccccc1,0,cpdb
CN(C)CCN(Cc1cccs1)c1ccccn1,1,cpdb
Cn1cc[nH]c1=S,1,cpdb
CSCCC(C(=O)O)N,0,cpdb
CN(Cc1cnc2c(n1)c(nc(n2)N)N)c1ccc(cc1)C(=O)N[C@@H](CCC(=O)O)C(=O)O,0,cpdb
COc1c(cc2c(c1)c1ccccc1o2)N,1,cpdb
COc1cccc(c1O)O,1,cpdb
COc1ccc(cc1)C(c1ccc(cc1)OC)C(Cl)(Cl)Cl,0,cpdb
COc1ccc(cc1)O,1,cpdb
COc1c2c(cc3c1occ3)ccc(=O)o2,1,cpdb
CCN=[N+](C)[O-],1,cpdb
CC(C)(C)OC,1,cpdb
Cc1c(ccc(c1)Cl)OCC(=O)O,0,cpdb
CC(C)(C(=O)OC)Oc1ccc(cc1)c1ccc(cc1)Cl,1,cpdb
Cc1cc(ccc1)N=Nc1ccc(cc1)N(C)C,1,cpdb
CN(c1ccc(cc1)N=O)N=O,1,cpdb
CCCCCC(/C=C/C=C\CCCCCCCC(=O)OC)OO,0,cpdb
CCCCC/C=C\C/C=C\CCCCCCCC(=O)OC,0,cpdb
CC(=C)C(=O)OC,0,cpdb
Cc1c(c2c(cc1)C(=O)c1ccccc1C2=O)[N+](=O)[O-],1,cpdb
CC1CN(C(=O)N1)/N=C/c1ccc(o1)[N+](=O)[O-],1,cpdb
CN(c1ccc(cc1)/C=C/c1ccnc2ccccc12)N=O,1,cpdb
CN(C(=O)c1ccccc1)N=O,1,cpdb
CN(C(=O)NCCC[C@@H](C(=O)O)N)N=O,1,cpdb
C[C@@H]1CCCCN1N=O,1,cpdb
C[C@H]1CCCCN1N=O,1,cpdb
COP(=S)(OC)Oc1ccc(cc1)[N+](=O)[O-],0,cpdb
CN1CCCC1=O,0,cpdb
CC(c1ccccc1)O,1,cpdb
Cc1cc(c(cc1)O)O,1,cpdb
Cc1c2CCc3c2c(cc2c3ccc3ccccc23)cc1,1,cpdb
C[C@](Cc1cc(c(cc1)O)O)(C(=O)O)N,0,cpdb
CC(C)C(=O)Oc1c(cc(cc1)CCNC)OC(=O)C(C)C,0,cpdb
Cc1c(ccc(c1)Cc1cc(c(cc1)N)C)N,1,cpdb
CN(C)c1ccc(cc1)Cc1ccc(cc1)N(C)C,1,cpdb
Cc1cc(c(c(c1)C(C)(C)C)O)Cc1c(c(cc(c1)C)C(C)(C)C)O,0,cpdb
c1cc(ccc1Cc1ccc(cc1)N)N,1,cpdb
CC/C(=N/O)/C,1,cpdb
COc1c(cc(cc1)CC=C)OC,1,cpdb
Cn1cnc2c1c(=O)nc([nH]2)N,0,cpdb
Cc1c(ccc(c1)O)O,0,cpdb
Cc1ncc[nH]1,1,cpdb
CN(CCCC(c1cnccc1)O)N=O,1,cpdb
CN(CCCC(=O)c1cnccc1)N=O,1,cpdb
C=CC(=O)NCO,0,cpdb
COC(=O)C(C1CCCCN1)c1ccccc1,0,cpdb
Cc1cc2c(cc1)nccc2,0,cpdb
Cc1cccc2c1nccc2,0,cpdb
Cc1cc2c(cc1)Sc1ccccc1N=C2N1CCN(CC1)C,0,cpdb
Cc1ncc(n1CCO)[N+](=O)[O-],1,cpdb
Cc1cc(cc(c1N(C)C)C)OC(=O)NC,0,cpdb
CN(C)c1ccc(cc1)C(=O)c1ccc(cc1)N(C)C,1,cpdb
C12(C3(C4(C5(C3(C(C1(C5(C2(C4(Cl)Cl)Cl)Cl)Cl)(Cl)Cl)Cl)Cl)Cl)Cl)Cl,1,cpdb
C12C3(C4(C5(C3(C(C1(C5(C2(C4(Cl)Cl)Cl)Cl)Cl)(Cl)Cl)Cl)Cl)Cl)Cl,1,cpdb
CCCCC(C)(C/C=C/[C@H]1[C@@H](CC(=O)[C@@H]1CCCCCCC(=O)OC)O)O,0,cpdb
CC1=C(C(=O)C2=C(C1=O)N1C[C@H]3[C@@H]([C@@]1([C@@H]2COC(=O)N)OC)N3)N,1,cpdb
C[C@H]1C(=O)O[C@@H]2CCN3[C@@H]2C(=CC3)COC(=O)[C@]([C@]1(C)O)(C)O,1,cpdb
CNC(=O)c1c(ncn1C)N(C)N=O,1,cpdb
C([C@@H](C(=O)[O-])N)C(=O)O,0,cpdb
C(CC(=O)O)[C@@H](C(=O)[O-])N,0,cpdb
C(CC(=O)[O-])C(=O)O,0,cpdb
C1COCCN1c1nc(nc2ccccc12)c1ccc(s1)[N+](=O)[O-],1,cpdb
C1COCCN1C[C@H]1CN(C(=O)O1)/N=C/c1ccc(o1)[N+](=O)[O-],1,cpdb
CS(=O)(=O)OCCCCOS(=O)(=O)C,0,cpdb
CC(C)(C(=O)O)Oc1ccc(cc1)C1CCCc2ccccc12,1,cpdb
CCn1cc(c(=O)c2c1nc(cc2)C)C(=O)O,1,cpdb
c1ccc2ccccc2c1,1,cpdb
c1cc2c(cccc2N)c(c1)N,1,cpdb
c1ccc2c(c1)cccc2NCCN,0,cpdb
c1ccc2cc(ccc2c1)N,1,cpdb
Cc1c(c(ccc1)C)NC(=O)CN1CCCC1=O,0,cpdb
CN1CCC[C@H]1c1cnccc1,0,cpdb
CCNC(=O)Nc1ncc(s1)[N+](=O)[O-],1,cpdb
C(C(=O)O)N(CC(=O)O)CC(=O)O,1,cpdb
C(C(=O)[O-])N(CC(=O)[O-])CC(=O)[O-],1,cpdb
CCOc1c(cc(cc1)NC(=O)C)[N+](=O)[O-],0,cpdb
COc1c(cc(cc1)[N+](=O)[O-])N,1,cpdb
c1c(oc(c1)[N+](=O)[O-])/C=N/NC(=O)N,1,cpdb
c1c(oc(c1)[N+](=O)[O-])/C(=N/O)/N,0,cpdb
CC(=O)OC(c1ccc(o1)[N+](=O)[O-])OC(=O)C,0,cpdb
c1cc2ncc(n2cc1)c1ccc(o1)[N+](=O)[O-],1,cpdb
c1c(oc(c1)[N+](=O)[O-])c1n[nH]c(=O)o1,1,cpdb
CC(=O)NCc1nc(no1)c1ccc(o1)[N+](=O)[O-],1,cpdb
CC(=O)Nc1nnc(s1)c1ccc(o1)[N+](=O)[O-],1,cpdb
c1c(oc(c1)[N+](=O)[O-])c1cscn1,1,cpdb
CC(=O)Nc1nc(cs1)c1ccc(o1)[N+](=O)[O-],1,cpdb
c1c(oc(c1)[N+](=O)[O-])c1csc(n1)NC=O,1,cpdb
CC(=O)Nc1nc(nc(n1)c1ccc(o1)[N+](=O)[O-])NC(=O)C,1,cpdb
CC/C=C(/CC)\[N+](=O)[O-],1,cpdb
c1cc(c(cc1N)[N+](=O)[O-])N,0,cpdb
c1cc(c(cc1[N+](=O)[O-])N)N,0,cpdb
Cc1c(cc(cc1)[N+](=O)[O-])N,0,cpdb
C1Cc2cccc3c(ccc1c23)[N+](=O)[O-],1,cpdb
c1cc(ccc1N)[N+](=O)[O-],0,cpdb
COc1ccccc1[N+](=O)[O-],1,cpdb
c1cc(c(cc1[N+](=O)[O-])N)C(=O)O,0,cpdb
c1ccc(cc1)[N+](=O)[O-],1,cpdb
c1cc2c(cc1[N+](=O)[O-])[nH]cn2,0,cpdb
c1cc(ccc1C(=O)O)[N+](=O)[O-],1,cpdb
CCCC[N+](=O)[O-],0,cpdb
CCC(C)[N+](=O)[O-],1,cpdb
c1cc(ccc1[N+](=O)[O-])Oc1c(cc(cc1)Cl)Cl,1,cpdb
C1c2ccccc2-c2c1cc(cc2)[N+](=O)[O-],1,cpdb
C1C(=O)NC(=O)N1/N=C/c1ccc(o1)[N+](=O)[O-],1,cpdb
C1CN(C(=O)N1)/N=C/c1ccc(o1)[N+](=O)[O-],1,cpdb
CN(CCCl)CCCl,1,cpdb
C[N+](CCCl)(CCCl)[O-],1,cpdb
c1ccc2c(c1)cccc2[N+](=O)[O-],0,cpdb
CCC(CC)[N+](=O)[O-],1,cpdb
CCC[N+](=O)[O-],0,cpdb
CC(C)[N+](=O)[O-],0,cpdb
C(C[N+](=O)[O-])C(=O)O,0,cpdb
c1cc2c3c(c1)ccc1c(ccc(c31)cc2)[N+](=O)[O-],1,cpdb
c1cc2c(ccc(c2)[N+](=O)[O-])nc1,0,cpdb
c1cc2c(c(c1)[N+](=O)[O-])nccc2,1,cpdb
CC(C)Oc1ccccc1OC(=O)N(C)N=O,1,cpdb
C(CC(F)(F)F)CN(CCCC(F)(F)F)N=O,1,cpdb
CC1CN(C(=O)NC1=O)N=O,0,cpdb
C1CN(C(=O)NC1=O)N=O,1,cpdb
CC(CN(CC(CO)O)N=O)O,1,cpdb
CC(=O)CN(CC(CO)O)N=O,1,cpdb
C(CO)N(CC(CO)O)N=O,1,cpdb
CC1CN(CC(N1C(=O)c1ccccc1)C)N=O,1,cpdb
C(CCl)NC(=O)N(CCO)N=O,1,cpdb
C1COC(CN1N=O)O,0,cpdb
CC(CN(C(=O)NCCCl)N=O)O,1,cpdb
CC(CN(CCO)N=O)O,1,cpdb
C1CN(CC1O)N=O,1,cpdb
CC(C)CN(C(=O)N)N=O,1,cpdb
CCCCCCCCCCCCN(C)N=O,1,cpdb
CN(c1ccc(cc1)F)N=O,1,cpdb
CN(c1ccc(cc1)[N+](=O)[O-])N=O,0,cpdb
CN(CCc1ccccc1)N=O,1,cpdb
CCCCCCCCCCCCCCN(C)N=O,1,cpdb
CCCCCCCCCCN(C)N=O,1,cpdb
C1COC(=O)N1N=O,1,cpdb
CC(=O)CN(CCO)N=O,1,cpdb
C1CN(CN(C1)N=O)N=O,1,cpdb
C1CN(CC=C1)N=O,1,cpdb
CCN(CC(F)(F)F)N=O,1,cpdb
CC1=CC(N(c2ccccc12)N=O)(C)C,1,cpdb
CC1CN(CC(N1C)C)N=O,1,cpdb
C=CCN(CC(CO)O)N=O,1,cpdb
CC(CN(CC=C)N=O)O,1,cpdb
CC(=O)CN(CC=C)N=O,1,cpdb
C=CCN(CCO)N=O,1,cpdb
CCCCCN(C(=O)OCC)N=O,1,cpdb
C1CCN(C(C1)c1cnccc1)N=O,1,cpdb
CN(C(=O)Nc1nc2ccccc2s1)N=O,1,cpdb
CC(CN(CC(C)O)N=O)O,1,cpdb
CC(=O)CN(CC(=O)C)N=O,1,cpdb
C(C(F)(F)F)N(CC(F)(F)F)N=O,0,cpdb
Cc1c(nc[nH]1)CSCCN=C(NC#N)N(C)N=O,0,cpdb
CCCCN(CCCC)N=O,1,cpdb
C(CO)N(CCO)N=O,1,cpdb
CCN(CC)N=O,1,cpdb
c1ccc(cc1)N(c1ccccc1)N=O,1,cpdb
c1ccc(cc1)Nc1ccc(cc1)N=O,1,cpdb
CCCN(CCC)N=O,1,cpdb
C1N(CSCS1)N=O,0,cpdb
C1CCCCCCN(CCCCC1)N=O,1,cpdb
CC(C(c1ccccc1)O)N(C)N=O,1,cpdb
CCN(C)N=O,1,cpdb
CCN(C(=O)OCC)N=O,1,cpdb
COC(=O)C1=CCCN(C1)N=O,0,cpdb
C1CCCN(CCC1)N=O,1,cpdb
C1C(=O)NC(=O)N1N=O,1,cpdb
C1[C@H](CN([C@@H]1C(=O)O)N=O)O,0,cpdb
C(C(=O)O)N(CC(=O)O)N=O,0,cpdb
CN(CCCC(=O)O)N=O,1,cpdb
CN(CC(CO)O)N=O,1,cpdb
CN(CCO)N=O,1,cpdb
CN(CCCO)N=O,1,cpdb
CC(CN(C)N=O)O,1,cpdb
CC(=O)CN(C)N=O,1,cpdb
Cc1ccc(cc1)S(=O)(=O)OCCN(C)N=O,1,cpdb
CN(c1ccccn1)N=O,1,cpdb
CN(c1cnccc1)N=O,0,cpdb
CN(c1ccncc1)N=O,0,cpdb
CN(c1ccccc1)N=O,1,cpdb
CCCCCCCCCCCN(C)N=O,1,cpdb
C1COCCN1N=O,1,cpdb
C1CC(N(C1)N=O)c1cnccc1,1,cpdb
C1CC(N(C1)N=O)c1c[n+](ccc1)[O-],1,cpdb
C1CCN(C(C1)C(=O)O)N=O,0,cpdb
C1CN(CCN1)N=O,1,cpdb
C1CCN(CC1)N=O,1,cpdb
C1C[C@H](N(C1)N=O)C(=O)O,0,cpdb
C1CCN(C1)N=O,1,cpdb
CC1N(C(SC(S1)C)C)N=O,1,cpdb
C1CSCCN1N=O,1,cpdb
Cc1ccccc1N=O,1,cpdb
Cc1ccccc1[N+](=O)[O-],1,cpdb
Cc1ccc(cc1)[N+](=O)[O-],1,cpdb
c1ccc2c(c1)c1c([nH]2)cncc1,0,cpdb
CC(=O)O[C@]1(CC[C@@H]2[C@@]1(CC[C@H]1[C@H]2CCC2=CC(=O)CC[C@H]12)C)C#C,1,cpdb
c1ccc(cc1)C(=O)OOC(=O)c1ccccc1,0,cpdb
C[C@@H]1Cc2c(cc(c(c2C(=O)O1)O)C(=O)N[C@@H](Cc1ccccc1)C(=O)O)Cl,1,cpdb
c1(c(c(c(c(c1Cl)Cl)Cl)Cl)Cl)C(=C(Cl)Cl)Cl,0,cpdb
CCCCCCCC/C=C\CCCCCCCC(=O)[O-],0,cpdb
Cc1c(ssc1=S)c1nccnc1,0,cpdb
Cc1cnc(c(c1OC)C)CS(=O)c1nc2c([nH]1)cc(cc2)OC,1,cpdb
c1ccc(cc1)Nc1c(cc(cc1)Nc1c(cc(cc1)[N+](=O)[O-])[N+](=O)[O-])S(=O)(=O)[O-],1,cpdb
c1ccc(cc1)N/N=C/1\C(=O)C=Cc2cc(cc(c12)S(=O)(=O)[O-])S(=O)(=O)[O-],0,cpdb
c1c([nH]c(=O)[nH]c1=O)C(=O)[O-],0,cpdb
C[C@H](CCC=C(C)C)[C@H]1CC[C@@]2([C@@]1(CC[C@]13[C@H]2CC[C@@H]2[C@]1(C3)CC[C@@H](C2(C)C)OC(=O)/C=C/c1cc(c(cc1)O)OC)C)C,0,cpdb
CNCc1ccc(o1)CSCCNC(=NCC(c1ccc(cc1)O)O)NS(=O)(=O)C,0,cpdb
CNC(=O)O/N=C(/C(=O)N(C)C)\SC,0,cpdb
c1ccc(cc1)C1=NC(C(=O)Nc2c1cc(cc2)Cl)O,0,cpdb
CC(=O)Nc1cc2c(-c3ccccc3C2=O)cc1,1,cpdb
CCn1cc(c(=O)c2cc3c(cc12)OCO3)C(=O)O,1,cpdb
CC(=O)CN(C(=O)NCCCl)N=O,0,cpdb
CC(=O)CN(C(=O)N)N=O,0,cpdb
C=CC(=O)c1cc2c(cc1)OCO2,0,cpdb
CC(C)NCC(COc1ccccc1OCC=C)O,0,cpdb
c1cc(ccc1N)Oc1ccc(cc1)N,1,cpdb
C1COCCN1C(=S)SN1CCOCC1,1,cpdb
C[C@]12CC[C@H]3[C@H]([C@@H]1CC[C@]2(C)O)CC[C@@H]1[C@@]3(C/C(=C/O)/C(=O)C1)C,1,cpdb
C[C@@]1([C@H]2[C@@H]([C@H]3[C@@H](C(=O)C(=C([C@]3(C(=O)C2=C(c2c1cccc2O)O)O)O)C(=O)N)N(C)C)O)O,0,cpdb
CC1=C(C(C(=C(N1)C)C(=O)OCC(C)(C)CN(C)Cc1ccccc1)c1c(ccc(c1)[N+](=O)[O-])F)C(=O)OC,0,cpdb
CCOP(=S)(OCC)Oc1ccc(cc1)[N+](=O)[O-],0,cpdb
C1C=C2C(=CC(=O)O2)C(O1)O,0,cpdb
CC1([C@@H](N2[C@H](S1)[C@@H](C2=O)NC(=O)COc1ccccc1)C(=O)[O-])C,0,cpdb
COc1c(c(c(c(c1Cl)Cl)Cl)Cl)Cl,1,cpdb
c1(c(c(c(c(c1Cl)Cl)Cl)Cl)Cl)[N+](=O)[O-],0,cpdb
C(C(CO[N+](=O)[O-])(CO[N+](=O)[O-])CO[N+](=O)[O-])O[N+](=O)[O-],0,cpdb
CCCCCN(/C(=N/[N+](=O)[O-])/N)N=O,0,cpdb
C1CCC(CC1)C(CC1CCCCN1)C1CCCCC1,0,cpdb
C[C@@H]1CC2([C@H](O2)C)C(=O)O[C@@H]2CCN(CC=C(C2=O)COC(=O)[C@]1(C)O)C,1,cpdb
CCOc1ccc(cc1)NC(=O)C,1,cpdb
Cc1cc(=O)n(n1C)c1ccccc1,1,cpdb
c1ccc(cc1)N=Nc1c(nc(cc1)N)N,1,cpdb
C[C@H](CCCC(C)C)[C@H]1CC[C@@H]2[C@@]1(CC[C@H]1[C@H]2CC=C2[C@@]1(CC[C@@H](C2)OC(=O)Cc1ccc(cc1)N(CCCl)CCCl)C)C,1,cpdb
c1ccc(cc1)CCN=C=S,0,cpdb
c1ccc(cc1)CCN=C(N)N=C(N)N,0,cpdb
CCC1(C(=O)NC(=O)NC1=O)c1ccccc1,0,cpdb
CCC1(C(=O)NC(=NC1=O)[O-])c1ccccc1,1,cpdb
c1ccc(cc1)O,0,cpdb
c1ccc2c(c1)C(=O)OC2(c1ccc(cc1)O)c1ccc(cc1)O,1,cpdb
CC(COc1ccccc1)N(CCCl)Cc1ccccc1,1,cpdb
CN(C)N=Nc1ccccc1,1,cpdb
CC1=NN(C(=O)C1)c1ccccc1,0,cpdb
c1ccc(cc1)Nc1cc2ccccc2cc1,0,cpdb
c1ccc(cc1)Nc1ccc(cc1)N,0,cpdb
c1ccc(cc1)C(COC(=O)N)COC(=O)N,1,cpdb
c1ccc(cc1)/C(=C\CCCCC(=O)O)/c1cnccc1,0,cpdb
c1ccc(cc1)NC(=S)N,0,cpdb
c1ccc(cc1)N/N=C/1\C(=O)C=Cc2ccccc12,1,cpdb
CCCCC1C(=O)N(N(C1=O)c1ccccc1)c1ccccc1,1,cpdb
c1cc(ccc1N)N,0,cpdb
c1cc(cc(c1)N)N,0,cpdb
c1ccc(c(c1)N)N,1,cpdb
CNC[C@@H](c1cc(ccc1)O)O,0,cpdb
COc1c(ccc(c1)/C=C/C(=O)OCCc1ccccc1)O,0,cpdb
C1C(O1)COc1ccccc1,1,cpdb
c1ccc(cc1)CCCCCCN=C=S,0,cpdb
c1ccc(cc1)c1ccccc1O,1,cpdb
c1ccc(cc1)c1ccccc1[O-],1,cpdb
c1ccc(cc1)CCCN=C=S,0,cpdb
Cn1c2c(ncc(c2)c2ccccc2)nc1N,1,cpdb
c1ccc(c(c1)C(=O)N)C(=O)N,0,cpdb
c1ccc2c(c1)C(=O)OC2=O,0,cpdb
c1(c(c(nc(c1Cl)Cl)C(=O)O)Cl)N,0,cpdb
CC[C@H]1[C@H](COC1=O)Cc1cncn1C,0,cpdb
C[C@@H]1C/C=C/C=C/C=C/C=C/[C@@H](C[C@H]2[C@@H]([C@H](C[C@](O2)(C[C@H](C[C@@H]2[C@H](O2)/C=C/C(=O)O1)O)O)O)C(=O)O)O[C@H]1[C@H]([C@H]([C@@H]([C@H](O1)C)O)N)O,0,cpdb
C1CNCCN1,0,cpdb
C1CCNCC1,0,cpdb
CCCCOCCOCCOCc1cc2c(cc1CCC)OCO2,1,cpdb
CCCCCCCCS(=O)C(C)Cc1cc2c(cc1)OCO2,0,cpdb
C[C@@H]1CCC[C@@H](N1CCCC(c1ccccc1)(c1ccccn1)O)C,0,cpdb
CN1C(=C(c2ccccc2S1(=O)=O)O)C(=O)Nc1ccccn1,0,cpdb
CC1(COC1=O)C,1,cpdb
c1c(c(cc(c1Br)Br)Br)c1cc(c(cc1Br)Br)Br,1,cpdb
c1cc(c(c(c1c1cc(c(c(c1)Br)Br)Br)Br)Br)Br,0,cpdb
CCCCCCCCCc1ccc(cc1)OCCOCCO,0,cpdb
CCCCCCCC/C=C/CCCCCCCC(=O)OCCOCC(C1C(CC(O1)OCCO)OCCO)OCCO,0,cpdb
C=Cc1cccc[n+]1[O-],0,cpdb
CC(C)NCC(COc1ccc(cc1)NC(=O)C)O,0,cpdb
c1ccc(cc1)CCCCOc1ccc(cc1)C(=O)Nc1cccc2c1oc(cc2=O)c1n[nH]nn1,0,cpdb
C1CC1CN1C(=O)CN=C(c2c1ccc(c2)Cl)c1ccccc1,0,cpdb
C1CCC(CC1)C(=O)N1CC2c3ccccc3CCN2C(=O)C1,0,cpdb
C[C@]12C[C@@H]([C@H]3[C@H]([C@@H]1CC[C@@]2(C(=O)COC(=O)CCCc1ccc(cc1)N(CCCl)CCCl)O)CCC1=CC(=O)C=C[C@]31C)O,1,cpdb
C[C@]12C[C@@H]([C@H]3[C@H]([C@@H]1CC[C@@]2(C(=O)CO)O)CCC1=CC(=O)C=C[C@]31C)O,1,cpdb
C[C@]12CC[C@H]3C(=CCc4c3ccc(c4)OS(=O)(=O)[O-])[C@@H]1CCC2=O,0,cpdb
CCC1(C(=O)NCNC1=O)c1ccccc1,0,cpdb
CCCN(CCC)S(=O)(=O)c1ccc(cc1)C(=O)O,0,cpdb
CC(C)NC(=O)c1ccc(cc1)CNNC,1,cpdb
CC(CN1c2ccccc2Sc2ccccc12)N(C)C,0,cpdb
C1COS(=O)(=O)C1,1,cpdb
C1COC1=O,1,cpdb
CC(C)NCC(COc1cccc2ccccc12)O,0,cpdb
CCCOC(=O)c1cc(c(c(c1)O)O)O,0,cpdb
CCCN(/C(=N/[N+](=O)[O-])/N)N=O,1,cpdb
CCCN(C(=O)N)N=O,1,cpdb
CC(CO)O,0,cpdb
CC(COC(C)(C)C)O,0,cpdb
CC1CO1,1,cpdb
CCCc1cc(=O)[nH]c(=S)[nH]1,1,cpdb
CCNNC(=O)[C@H]1[C@@H]([C@H](c2cc3c(cc2[C@H]1c1cc(c(c(c1)OC)OC)OC)OCO3)O)CO,0,cpdb
c1cc(c(cc1C(=O)O)O)O,0,cpdb
c1ccc2c(c1)c(ccc2S(=O)(=O)[O-])N/N=C/1\C(=O)C=Cc2cc(cc(c12)S(=O)(=O)[O-])S(=O)(=O)[O-],1,cpdb
c1ccc2c(c1)C(=O)c1c(C2=O)c(c(cc1O)O)O,1,cpdb
c1cnc(cn1)C(=O)N,0,cpdb
c1ccncc1,1,cpdb
CN(C)CCN(Cc1ccc(cc1)OC)c1ccccn1,1,cpdb
CCc1c(c(nc(n1)N)N)c1ccc(cc1)Cl,0,cpdb
CCOC(=O)[C@H](CCc1ccccc1)N[C@@H](C)C(=O)N1Cc2ccccc2C[C@H]1C(=O)O,0,cpdb
c1cc(ccc1NO)N=O,1,cpdb
Cn1cc(c2ccccc12)C(=O)[C@@H]1CCc2c(C1)[nH]cn2,0,cpdb
Cc1ccc(cc1)S(=O)(=O)Oc1ccc(cc1)N=Nc1c(cc(cc1)c1cc(c(cc1)N/N=C/1\C(=O)C=Cc2cc(cc(c12)S(=O)(=O)[O-])S(=O)(=O)[O-])C)C,1,cpdb
c1ccc2c(c1)c(ccc2S(=O)(=O)[O-])N/N=C\1/C=C(c2ccccc2C1=O)S(=O)(=O)[O-],0,cpdb
Cc1cc(c(cc1)N/N=C/1\C(=O)C=Cc2ccccc12)[N+](=O)[O-],1,cpdb
COc1c(cc(cc1)[N+](=O)[O-])N/N=C/1\c2ccccc2C=C(C1=O)C(=O)Nc1cc(ccc1)[N+](=O)[O-],0,cpdb
Cc1cc(c(cc1)N/N=C\1/c2c(ccc(c2)S(=O)(=O)[O-])C=C(C1=O)S(=O)(=O)[O-])C,1,cpdb
c1ccc2c(c1)ccc(c2S(=O)(=O)[O-])N/N=C/1\C(=O)C=Cc2ccccc12,0,cpdb
Cc1cc(c(cc1C)N/N=C\1/c2c(cc(cc2)S(=O)(=O)[O-])C=C(C1=O)S(=O)(=O)[O-])C,1,cpdb
c1ccc2c(c1)c(ccc2S(=O)(=O)[O-])N/N=C\1/c2c(cc(cc2)S(=O)(=O)[O-])C=C(C1=O)S(=O)(=O)[O-],1,cpdb
c1ccc(c(c1)c1c2-c(c(c(=O)c(c2)I)I)oc2c(c(c(cc12)I)[O-])I)C(=O)[O-],0,cpdb
Cc1cc(c(cc1N/N=C/1\C=C(c2ccccc2C1=O)S(=O)(=O)[O-])S(=O)(=O)[O-])C,1,cpdb
CCN(CC)c1c(cc2c(c1)oc1-c(cc(c(=[N+](CC)CC)c1)C)c2c1c(cc(cc1)S(=O)(=O)[O-])S(=O)(=O)[O-])C,0,cpdb
c1cc(c(cc1N)[N+](=O)[O-])NCCO,0,cpdb
CO[C@H]1[C@@H](C[C@@H]2CN3CCc4c([C@H]3C[C@@H]2[C@@H]1C(=O)OC)[nH]c1c4ccc(c1)OC)OC(=O)c1cc(c(c(c1)OC)OC)OC,1,cpdb
c1cc(cc(c1)O)O,0,cpdb
CC1=C(C(CCC1)(C)C)/C=C/C(=C/C=C/C(=C/C(=O)O)/C)/C,0,cpdb
CC1=C(C(CCC1)(C)C)/C=C/C(=C/C=C/C(=C/COC(=O)C)/C)/C,1,cpdb
CCCCCCCCCCCCCCCC(=O)OC/C=C(\C)/C=C/C=C(\C)/C=C/C1=C(CCCC1(C)C)C,0,cpdb
C/C=C\1/C[C@H]([C@@](C(=O)OCC2=CCN3[C@H]2[C@@H](CC3)OC1=O)(CO)O)C,1,cpdb
CCNc1c(cc2c(c1)oc1-c(cc(c(=NCC)c1)C)c2c1ccccc1C(=O)OCC)C,0,cpdb
C/C=C\1/CC(=C)[C@@](C(=O)OCC2=CCN3[C@H]2[C@@H](CC3)OC1=O)(CO)O,1,cpdb
C[C@H]1/C=C/C=C(\C(=O)NC2=C(c3c(c(c4c(c3C(=O)/C/2=C\NN2CCN(CC2)C)C(=O)[C@](O4)(O/C=C/[C@@H]([C@H]([C@H]([C@@H]([C@@H]([C@@H]([C@H]1O)C)O)C)OC(=O)C)C)OC)C)C)O)O)/C,0,cpdb
CCn1c2c(c(n1)C)NC(=O)CN=C2c1ccccc1,0,cpdb
CC1=CC(=C(c2ccc(cc2)N)c2ccc(cc2)N)C=CC1=N,0,cpdb
C1=CC(=N)C=CC1=C(c1ccc(cc1)N)c1ccc(cc1)N,1,cpdb
CC(=C)[C@H]1Cc2c(O1)ccc1c2O[C@@H]2COc3cc(c(cc3[C@@H]2C1=O)OC)OC,0,cpdb
C[C@H]1[C@@H]([C@H]([C@H]([C@@H](O1)OC[C@@H]1[C@H]([C@@H]([C@H]([C@@H](O1)Oc1c(oc2cc(cc(c2c1=O)O)O)c1cc(c(cc1)O)O)O)O)O)O)O)O,0,cpdb
c1ccc2c(c1)C(=O)NS2(=O)=O,0,cpdb
c1ccc2c(c1)C(=NS2(=O)=O)[O-],0,cpdb
C=CCc1cc2c(cc1)OCO2,1,cpdb
CC(C)(C)NCC(c1cc(c(cc1)O)CO)O,1,cpdb
c1ccnc(c1)NS(=O)(=O)c1ccc(cc1)N/N=C\1/C=CC(=O)C(=C1)C(=O)O,1,cpdb
CN1[C@@H]2CC(C[C@H]1[C@H]1[C@@H]2O1)OC(=O)[C@@H](CO)c1ccccc1,0,cpdb
C/C=C\1/C[C@H]([C@@](C(=O)OCC2=CCN(CC[C@H](C2=O)OC1=O)C)(C)O)C,1,cpdb
CN[C@H]1CC[C@H](c2ccccc12)c1cc(c(cc1)Cl)Cl,0,cpdb
C1Oc2c(O1)cc(cc2)O,1,cpdb
CCN(CC)C(=S)[S-],0,cpdb
C/C=C/C=C/C(=O)O,0,cpdb
CC(C)NCC(c1ccc(cc1)NS(=O)(=O)C)O,0,cpdb
COc1c2c(c3C4C=COC4Oc3c1)oc1c(c2=O)c(ccc1)O,1,cpdb
C[C@@]12CCC[C@@]([C@H]1CC[C@]13[C@H]2CC[C@](C1)(C(=C)C3)O[C@H]1[C@@H]([C@H]([C@@H]([C@H](O1)CO)O)O)O[C@H]1[C@@H]([C@H]([C@@H]([C@H](O1)CO)O)O)O)(C)C(=O)O[C@H]1[C@@H]([C@H]([C@@H]([C@H](O1)CO)O)O)O,0,cpdb
CN(C(=O)N[C@@H]1[C@H]([C@@H]([C@H](O[C@@H]1O)CO)O)O)N=O,1,cpdb
C=Cc1ccccc1,1,cpdb
c1ccc(cc1)/C=C/[N+](=O)[O-],0,cpdb
C1C(O1)c1ccccc1,1,cpdb
C1CC(=O)OC1=O,0,cpdb
CC(C)C(=O)OC[C@@H]1[C@H]([C@@H]([C@](O1)(COC(=O)C)O[C@@H]1[C@@H]([C@H]([C@@H]([C@H](O1)COC(=O)C)OC(=O)C(C)C)OC(=O)C(C)C)OC(=O)C(C)C)OC(=O)C(C)C)OC(=O)C(C)C,0,cpdb
CCN(CC)C(=S)SCC(=C)Cl,1,cpdb
Cc1c(onc1C)NS(=O)(=O)c1ccc(cc1)N,0,cpdb
C1C=CCS1(=O)=O,0,cpdb
CC(=O)Nc1ccc(cc1)S(=O)(=O)c1ccc(cc1)NC(=O)C,1,cpdb
CC1=C(c2c(/C/1=C\c1ccc(cc1)S(=O)(=O)C)ccc(c2)F)CC(=O)O,0,cpdb
CCCCC1(C(=O)N(N(C1=O)c1ccccc1)c1ccccc1)COC(=O)CCC(=O)O,0,cpdb
C/C=C(\C)/C(=O)O[C@@H]1CCN2[C@@H]1C(=CC2)COC(=O)C(C(C)C)(C(C)O)O,1,cpdb
COc1ccc(cc1)C(=C(c1ccc(cc1)OC)Cl)c1ccc(cc1)OC,0,cpdb
CN1C(=O)C[C@H](NC1=O)C(=O)N[C@@H](Cc1cnc[nH]1)C(=O)N1CCC[C@H]1C(=O)N,0,cpdb
CC/C(=C(\c1ccccc1)/c1ccc(cc1)OCCN(C)C)/c1ccccc1,1,cpdb
C1CC(OC1)n1cc(c(=O)[nH]c1=O)F,0,cpdb
CC(C)(C)NCC(c1cc(cc(c1)O)O)O,1,cpdb
c1cc(c(cc1c1cc(c(cc1)N)N)N)N,1,cpdb
COc1c(c(c(c(c1Cl)Cl)[N+](=O)[O-])Cl)Cl,0,cpdb
c1c(c(cc(c1Cl)N)Cl)c1cc(c(cc1Cl)N)Cl,0,cpdb
c1c2c(cc(c1Cl)Cl)Oc1cc(c(cc1O2)Cl)Cl,1,cpdb
C[C@@]1([C@H]2C[C@H]3[C@@H](C(=O)C(=C([C@]3(C(=O)C2=C(c2c1cccc2O)O)O)O)C(=O)N)N(C)C)O,0,cpdb
CCN(CC)C(=S)SSC(=S)N(CC)CC,0,cpdb
c1(c(c(c(c(c1F)F)F)N)F)N,0,cpdb
C1CCON(C1)N=O,1,cpdb
CCCCCc1cc2c([C@@H]3C=C(CC[C@H]3C(O2)(C)C)C)c(c1)O,0,cpdb
C1CCOC1,1,cpdb
C1CN(C(=O)NC1=O)[C@H]1[C@@H]([C@@H]([C@H](O1)CO)O)O,0,cpdb
CN(C)C(=S)SSC(=S)N(C)C,0,cpdb
CN(C)CCN(Cc1cscc1)c1ccccn1,0,cpdb
Cn1c2c(c(=O)n(c1=O)C)[nH]cn2,0,cpdb
c1ccc2c(c1)[nH]c(n2)c1cscn1,0,cpdb
CS(=O)(=O)c1ccc(cc1)[C@H]([C@@H](CO)NC(=O)C(Cl)Cl)O,0,cpdb
C1CN1P(=S)(N1CC1)N1CC1,1,cpdb
Cc1cc(c(cc1Sc1cc(c(cc1C)O)C(C)(C)C)C(C)(C)C)O,0,cpdb
c1cc(ccc1N)Sc1ccc(cc1)N,1,cpdb
C1[C@@H]([C@H](O[C@H]1n1cnc2c1[nH]c(nc2=S)N)CO)O,1,cpdb
c1c[nH]c(=S)[nH]c1=O,1,cpdb
CCOC(=O)[C@@]1(CCC=C[C@H]1N(C)C)c1ccccc1,0,cpdb
CC(C)(C)NCC(COc1cn(c(=O)c2ccccc12)C)O,0,cpdb
Cc1c(c(c2CCC(Oc2c1C)(C)CCCC(C)CCCC(C)CCCC(C)C)C)O,0,cpdb
Cc1c2c(c(c(c1C)OC(=O)C)C)CCC(O2)(C)CCCC(C)CCCC(C)CCCC(C)C,0,cpdb
Cc1ccc(cc1)S(=O)(=O)NC(=O)NN1CCCCCC1,0,cpdb
CCCCNC(=O)NS(=O)(=O)c1ccc(cc1)C,0,cpdb
Cc1ccccc1,1,cpdb
Cc1c(cc(cc1)N=C=O)N=C=O,1,cpdb
Cc1ccccc1S(=O)(=O)N,1,cpdb
Cc1cc(ccc1)N,0,cpdb
Cc1ccccc1N,1,cpdb
Cc1ccc(cc1)N,0,cpdb
Cc1ccc(cc1)NC(=O)N,0,cpdb
CN(C)CCOc1ccc(cc1)/C(=C(/CCCl)\c1ccccc1)/c1ccccc1,0,cpdb
C=C1C(C2(C(C(C1(C2(Cl)Cl)Cl)Cl)Cl)Cl)(CCl)CCl,0,cpdb
C1CN1C1=CC(=O)C(=C(C1=O)N1CC1)N1CC1,1,cpdb
C[C@]12C[C@@H]([C@]3([C@H]([C@@H]1C[C@@H]1[C@]2(OC(O1)(C)C)C(=O)CO)CCC1=CC(=O)C=C[C@]31C)F)O,1,cpdb
c1ccc(cc1)c1nc2c(nc1N)nc(nc2N)N,0,cpdb
CCCCOP(=O)(OCCCC)OCCCC,1,cpdb
CCCCCCCC(=O)OCC(COC(=O)CCCCCCC)OC(=O)CCCCCCC,1,cpdb
c1c(cc(c(c1Cl)N)Cl)Cl,0,cpdb
c1ccc2c(c1)C(=O)N(C2=O)SC(Cl)(Cl)Cl,0,cpdb
c1c(cc(c(c1Cl)O)Cl)Cl,1,cpdb
c1c(c(cc(c1Cl)Cl)Cl)OCC(=O)O,0,cpdb
COP(=O)(C(C(Cl)(Cl)Cl)O)OC,0,cpdb
C(C(CCl)Cl)Cl,1,cpdb
Cc1ccc(cc1)OP(=O)(Oc1ccc(cc1)C)Oc1ccc(cc1)C,0,cpdb
C(CO)N(CCO)CCO,0,cpdb
C(COCCOCCO)O,0,cpdb
c1c(oc(c1)[N+](=O)[O-])c1csc(n1)NC(=O)C(F)(F)F,1,cpdb
CCCN(CCC)c1c(cc(cc1[N+](=O)[O-])C(F)(F)F)[N+](=O)[O-],0,cpdb
CC1(C(=O)N(C(=O)O1)C)C,0,cpdb
CC1=C(C(=O)C(=C(C1=O)C)C(CCCCCC(=O)O)c1ccccc1)C,0,cpdb
Cc1cc(c(cc1C)N)C,1,cpdb
Cc1cc(c(c(c1)C)N)C,1,cpdb
Cc1cc(c(cc1)C)C,1,cpdb
COP(=O)(OC)OC,0,cpdb
CNC(=S)N(C)C,1,cpdb
c1c(cc(cc1[N+](=O)[O-])[N+](=O)[O-])[N+](=O)[O-],0,cpdb
C(C(CO[N+](=O)[O-])O[N+](=O)[O-])O[N+](=O)[O-],1,cpdb
c1ccc(cc1)[Sn](c1ccccc1)c1ccccc1,0,cpdb
Cc1ccc(cc1)/C(=C\CN1CCCC1)/c1ccccn1,0,cpdb
C(CCl)OP(=O)(OCCCl)OCCCl,1,cpdb
C(C(CBr)Br)OP(=O)(OCC(CBr)Br)OCC(CBr)Br,1,cpdb
C(C(CCl)OP(=O)(OC(CCl)CCl)OC(CCl)CCl)Cl,1,cpdb
CCCCC(CC)COP(=O)(OCC(CC)CCCC)OCC(CC)CCCC,0,cpdb
CC(CN(CC(C)O)CC(C)O)O,0,cpdb
CCCCCCCCCCCCCCCC(=O)CC(=O)CCCCCCCCCCCCCCC,0,cpdb
Cc1c(nc(c2c1[nH]c1ccccc21)C)N,1,cpdb
Cc1c2c3ccccc3[nH]c2cc(n1)N,1,cpdb
c1ccc2c(c1)c(c[nH]2)CC(C(=O)O)N,0,cpdb
c1ccc2c(c1)c(c[nH]2)C[C@@H](C(=O)O)N,0,cpdb
c1c[nH]c(=O)[nH]c1=O,1,cpdb
Cn1c(cc(=O)n(c1=O)C)NCCCN1CCN(CC1)c1ccccc1OC,0,cpdb
CCOC(=O)N,1,cpdb
CC(=O)OC=C,1,cpdb
Cc1cccc(c1)C=C,0,cpdb
C=CN1CCCC1=O,1,cpdb
CCN(Cc1cc(ccc1)S(=O)(=O)[O-])c1ccc(cc1)C(=C1C=CC(=[N+](C)C)C=C1)c1ccc(cc1)N(CC)Cc1cc(ccc1)S(=O)(=O)[O-],1,cpdb
C1[C@@H]([C@@H]([C@H]([C@@H]([C@]1(CO)O)O)O)O)NC(CO)CO,0,cpdb
CC1=C(C(C(=C(N1)C)C(=O)OCCc1ccc(cc1)N1CCN(CC1)C(c1ccccc1)c1ccccc1)c1cc(ccc1)[N+](=O)[O-])C(=O)OC,0,cpdb
Cc1c(c(ccc1)C)NC1=NCCCS1,0,cpdb
Cc1cc(c(cc1)N)C,0,cpdb
Cc1cc(c(cc1)C)N,1,cpdb
CC1=C/C(=N/Nc2ccc(cc2)NC(=O)C)/C(=O)C=C1,1,cpdb
CC(=O)C(C(=O)Nc1ccccc1)N=Nc1c(cc(cc1)c1cc(c(cc1)N=NC(C(=O)C)C(=O)Nc1ccccc1)Cl)Cl,0,cpdb
Cc1c(ccc(c1)c1cc(c(cc1)NC(=O)C(C(=O)C)N=Nc1c(cc(cc1)Cl)Cl)C)NC(=O)C(C(=O)C)N=Nc1c(cc(cc1)Cl)Cl,0,cpdb
CC(=O)C(C(=O)Nc1cc(c(cc1OC)Cl)OC)N=Nc1c(cc(cc1)c1cc(c(cc1)N=NC(C(=O)C)C(=O)Nc1cc(c(cc1OC)Cl)OC)Cl)Cl,0,cpdb
c1ccc2c(-c3c4c(ccc5-c6c(C(=O)c(c45)cc3)cccc6)C2=O)c1,0,cpdb
c1cc(ccc1N/N=C\1/C(=NN(C1=O)c1ccc(cc1)S(=O)(=O)[O-])C(=O)[O-])S(=O)(=O)[O-],0,cpdb
c1cc(ccc1N/N=C\1/c2c(C=CC1=O)cc(cc2)S(=O)(=O)[O-])S(=O)(=O)[O-],0,cpdb
c1cc(c(cc1[N+](=O)[O-])OCCO)NCCO,0,cpdb
CC1(Cc2c(O1)c(cc(c2)Cl)C(=O)NC1C[C@H]2CCC(C1)N2C)C,0,cpdb
C[C@H]1CCCC(=O)CCC/C=C/c2cc(cc(c2C(=O)O1)O)O,0,cpdb
C(C(CO)(CBr)CBr)O,1,cpdb
c1cc(c(cc1c1cc(c(cc1)N/N=C/1\C(=O)c2c(cc(cc2C=C1S(=O)(=O)[O-])S(=O)(=O)[O-])N)O)O)N/N=C/1\C(=O)c2c(cc(cc2C=C1S(=O)(=O)[O-])S(=O)(=O)[O-])N,1,cpdb
c1cc(ccc1c1ccc(cc1)N=Nc1cc(c(cc1)[O-])C(=O)[O-])N/N=C/1\C(=O)C=C/C(=N\Nc2c(ccc(c2)S(=O)(=O)[O-])[O-])/C1=O,1,cpdb
C=CC=C,1,cpdb
CC(C(=O)[O-])O,0,cpdb
CCCC(CCC)C(=O)[O-],1,cpdb
CC=C,0,cpdb
CCc1c(c2=CC3=NC(=CC4=NC(=C(C5=NC(=C(C5=C([O-])[O-])C)C=c1[n-]2)CC(=O)[O-])[C@H]([C@@H]4C)CCC(=O)[O-])C(=C3C=C)C)C,0,cpdb
C(O)[P+](CO)(CO)CO,0,cpdb
CC[C@@]1(C[C@@H]2C[C@@](c3c(CCN(C2)C1)c1ccccc1[nH]3)(c1c(cc2c(c1)[C@]13CCN4[C@H]1[C@@](C=CC4)([C@H]([C@@]([C@@H]3N2C)(C(=O)OC)O)OC(=O)C)CC)OC)C(=O)OC)O,0,cpdb
C[N+](=O)[N-]COC1OC(CO)C(O)C(O)C1O,1,ccris
CC(=O)N(O)c1ccc(C=Cc2ccccc2)cc1,1,ccris
CC(CCC(=O)O)C1CCC2C3CCC4CC(O)CCC4(C)C3CCC12C,0,ccris
CN(C)CCN(Cc1ccccc1)c1ccccn1.[Cl-].[H+],0,ccris
Nc1ccc(Cc2ccc(N)c(Cl)c2)cc1Cl,1,ccris
Cc1ccc(N=CN(C)C=Nc2ccc(C)cc2C)c(C)c1,0,ccris
CC(=O)OCN(C)N=O,1,ccris
OCc1ccn2c1C(O)CC2,1,ccris
CC(C)OP(=S)(OC(C)C)SCCNS(=O)(=O)c1ccccc1,0,ccris
NC(Cc1cnc[nH]1)C(=O)O.O.[Cl-].[H+],0,ccris
c1ccc2c(c1)ccc1nc3ccc4ccccc4c3cc21,1,ccris
Nc1ccccc1.[Cl-].[H+],1,ccris
O=C([O-])C1C2CCC(O2)C1C(=O)[O-].[Na+].[Na+],0,ccris
CC(=O)[O-].CC(=O)[O-].[Ba+2],0,ccris
O=[N+]([O-])c1ccc2ccc3cccc4c3c2c1C1OC41,0,ccris
C=CC(=O)OC,0,ccris
Cc1c(C)c2c3c(ccc2c2ccccc12)C(O)C(O)C1OC31,1,ccris
Cc1ccc(NN=C2C(=O)C(=Cc3ccc(S(=O)(=O)[O-])cc23)S(=O)(=O)[O-])c(C)c1.[Na+].[Na+],1,ccris
O=Cc1ccc(CO)o1,0,ccris
Cc1c(N)nc(C(CC(=O)N)NCC(N)C(=O)N)nc1C(=O)NC(C(=O)NC(C)C(O)C(C)C(=O)NC(C(=O)NCCc1nc(c2nc(C(=O)NCCC[S+](C)C)cs2)cs1)C(C)O)C(OC1OC(CO)C(O)C(O)C1OC1OC(CO)C(O)C(OC(=O)N)C1O)c1cnc[nH]1.O=S(=O)([O-])O,1,ccris
ClCOCCOCCl,1,ccris
N#Cc1nn(c2c(Cl)cc(C(F)(F)F)cc2Cl)c(N)c1S(=O)C(F)(F)F,1,ccris
CC1C(c2ccc(Cl)cc2)SC(=O)N1C(=O)NC1CCCCC1,0,ccris
Clc1cc(Cl)c(c2cc(Cl)c(Cl)cc2Cl)cc1Cl,0,ccris
CNNCc1ccc(C(=O)NC(C)C)cc1.[Cl-].[H+],1,ccris
COc1ccc(N)cc1N.O=S(=O)(O)O,1,ccris
O.O.O.O=C([O-])CN(CCN(CC(=O)[O-])CC(=O)O)CC(=O)[O-].[Na+].[Na+].[Na+],0,ccris
Nc1cccc2ccccc12,0,ccris
CC(C)NC(=O)N1CC(=O)N(c2cc(Cl)cc(Cl)c2)C1=O,1,ccris
CC(=O)Nc1ccc(c2ccc(NC(=O)C)cc2)cc1,1,ccris
CCCCCCCN(C)N=O,1,ccris
CNC(=O)Oc1cccc(N=CN(C)C)c1.[Cl-].[H+],0,ccris
COC(=O)c1ccc(C)cc1C1=NC(C)(C(C)C)C(=O)N1,0,ccris
CNC(=O)ON=C(SC)C(=O)N(C)C,0,ccris
COc1cc(S(=O)(=O)[O-])c(C)cc1NN=C1C(=O)C=Cc2cc(S(=O)(=O)[O-])ccc12.[Na+].[Na+],0,ccris
O=NN1CC=CCC1c1cccnc1,0,ccris
C=Cc1ccc(C)cc1,0,ccris
CCC(Cl)C(Cl)C(Cl)CC(Cl)C(Cl)C(C)Cl,1,ccris
CC(=O)CCNCN=O,1,ccris
OC1C=C2c3c(-c4ccc5ccccc5c24)cccc3C1O,1,ccris
C[NH+](C)CCN(Cc1ccsc1)c1ccccn1.[Cl-],0,ccris
Cc1ccc(Nc2ccc(O)c3c2C(=O)c2ccccc2C3=O)cc1,0,ccris
Cc1cccc(C)c1,0,ccris
O=c1ccc(=O)[nH][n-]1.[K+],0,ccris
COC(=O)C1=C(C)NC(=C(C(=O)OCC(C)(C)CN(C)Cc2ccccc2)C1c1cc([N+](=O)[O-])ccc1F)C.[Cl-].[H+],0,ccris
CN(CC(=O)O)N=O,1,ccris
Cc1cc2c(nc1N)[nH]c1ccccc21,1,ccris
O=C([O-])c1cc(N=Nc2ccc(c3ccc(NN=C4C(=O)C=CC(=NNc5cc(S(=O)(=O)[O-])ccc5[O-])C4=O)cc3)cc2)ccc1[O-].[Cu+2].[Na+].[Na+],1,ccris
O=C(Cn1ccnc1[N+](=O)[O-])NCc1ccccc1,1,ccris
O=C1OC2(c3ccc(O)cc3Oc3cc(O)ccc23)c2ccccc12,0,ccris
CN(C)c1ccc2nc3ccc(N(C)C)cc3[s+]c2c1.O.O.O.[Cl-],0,ccris
CC12CCCC1C1CCc3cc(O)ccc3C1CC2,0,ccris
OC1C=CC=CC1O,0,ccris
O=C1NCCN1c1ncc([N+](=O)[O-])s1,1,ccris
O.O.OCC(O)C(O)C(OC1OC(CO)C(O)C(O)C1O)C(O)CO,0,ccris
Oc1cc(O)c2c(c1)OC(c1ccc(O)c(O)c1)C(O)C2,1,ccris
C[N+]1(C)CCCCC1.[Cl-],0,ccris
C1=Cc2cc3cccc4ccc5ccc1c2c5c34,1,ccris
CCN(CC)C(=O)C(=C(C)OP(=O)(OC)OC)Cl,0,ccris
CCCCOC(=O)C(C)Oc1ccc(Oc2ccc(C#N)cc2F)cc1,0,ccris
C=C1CC23CC1(O)CCC2C12C=CC(O)C(C)(C(=O)O1)C2C3C(=O)O,1,ccris
Oc1ccc(c2cc(Cl)c(Cl)c(Cl)c2Cl)cc1,1,ccris
Cc1c([N+](=O)[O-])c(C)c([N+](=O)[O-])c(C(C)(C)C)c1[N+](=O)[O-],1,ccris
COc1ccc(N)c(OC)c1.[Cl-].[H+],0,ccris
c1ccc2c(c1)cc1ccc3cc4ccccc4c4ccc2c1c34,1,ccris
Nc1nc(C=Cc2ccc([N+](=O)[O-])o2)no1,1,ccris
CC(=O)N(O)c1ccc(c2ccccc2)cc1,0,ccris
Cc1cccc2c1cc(C)c1c3c(ccc21)C(O)C(O)C1OC31,1,ccris
COC(=O)c1ccc(CNS(=O)(=O)C)cc1S(=O)(=O)NC(=O)Nc1nc(OC)cc(OC)n1,0,ccris
O=C1C=Cc2ccccc2C1=NNc1ccc(N=Nc2ccccc2)cc1,0,ccris
CN1CCCC1c1cccnc1,0,ccris
O=C1C=Cc2cc(S(=O)(=O)[O-])cc(S(=O)(=O)[O-])c2C1=NNc1ccccc1.[Na+].[Na+],0,ccris
O=C1C=Cc2ccccc2C1=NNc1ccc2ccccc2c1S(=O)(=O)[O-].[Na+],0,ccris
O=c1c(c2ccc(O)cc2)coc2cc(O)cc(O)c12,0,ccris
c1ccc2c(c1)cc1ccc3cccc4c5ccccc5c2c1c34,1,ccris
CCC(C)C1OC2(CCC1C)CC1CC(CC=C(C)C(OC3CC(OC)C(OC4CC(OC)C(O)C(C)O4)C(C)O3)C(C)C=CC=C3COC4C(O)C(=CC(C(=O)O1)C34O)C)O2.COC1CC(OC2C(C)OC(OC3C(=CCC4CC(CC5(CCC(C)C(C(C)C)O5)O4)OC(=O)C4C=C(C)C(O)C5OCC(=CC=CC3C)C45O)C)CC2OC)OC(C)C1O,0,ccris
CCN(CC)c1ccc2c(c3ccccc3C(=O)O)c3ccc(N(CC)CC)cc3[o+]c2c1.[Cl-],0,ccris
CNCCC(Oc1ccc(C(F)(F)F)cc1)c1ccccc1.[Cl-].[H+],0,ccris
CN(N=O)C(=O)NC1C(O)OC(CO)C(O)C1O,1,ccris
ClCOCc1ccc(COCCl)cc1,1,ccris
CCN(CC)CC#CC(C)(C)OC(=O)C(O)(c1ccccc1)C1CCCCC1.[Cl-].[H+],0,ccris
OC1c2ccc3cc4ccccc4nc3c2C2OC2C1O,1,ccris
CNC(=O)Oc1ccccc1OC(C)C,0,ccris
O=C1N=S(=O)([O-])c2ccccc12.[Na+],0,ccris
O=S(=O)([O-])OCc1c2ccccc2c2ccc3cccc4ccc1c2c34.[Na+],1,ccris
CC(COc1ccccc1)N(CCCl)Cc1ccccc1.[Cl-].[H+],1,ccris
CN(C)C(=O)NN=O,1,ccris
CC(C)CCCC(C)C1CCC2C3CC4OC54CC(O)CCC5(C)C3CCC12C,0,ccris
NC(=O)OC1CO1,1,ccris
NCCNc1cccc2ccccc12.[Cl-].[Cl-].[H+].[H+],0,ccris
ONc1ccc2ccccc2c1,1,ccris
Cn1c2ccccc2c2ccccc12,0,ccris
C=CCc1ccc(OC)cc1,1,ccris
CCN(CC)CCCC(C)Nc1c2ccc(Cl)cc2nc2ccc(OC)cc12.O.O.[Cl-].[Cl-].[H+].[H+],0,ccris
C=CC=CC1C2C=CCC(=O)OC34CC(C)C5(O)C(C=C(CO)CC6(O)C(=O)C(=CC56)C)C3C4(C)COC(=O)C2C2C(C=CC=CC=CCCC)C12,0,ccris
COC1C(OC(=O)C)CC(=O)OC(C)CC=CC=CC(O)C(C)CC(CC=O)C1OC1OC(C)C(OC2CC(C)(O)C(OC(=O)CC(C)C)C(C)O2)C(N(C)C)C1O,0,ccris
COC(=O)C1C2CC3c4[nH]c5cc(OC)ccc5c4CCN3CC2CC(OC(=O)c2cc(OC)c(OC)c(OC)c2)C1OC,1,ccris
CC(C)N=C=NC(C)C,0,ccris
Nc1ccc2cc3ccc(N)cc3nc2c1.Nc1ccc2cc3ccc(N)cc3nc2c1.O.[Cl-].[Cl-].[H+].[H+],0,ccris
O=C1C=CC2COC1O2,0,ccris
CC1=CC2OC3C(O)CC(C)(C43CO4)C2(CO)C(O)C1=O,0,ccris
NC(=O)Cc1c([O-])[o+]nn1Cc1ccccc1,1,ccris
CCC(=O)C(CC(C)N(C)C)(c1ccccc1)c1ccccc1.[Cl-].[H+],0,ccris
COC(=O)C1=C(C)NC(=C(C(=O)OCCN2CCN(C(c3ccccc3)c3ccccc3)CC2)C1c1cccc([N+](=O)[O-])c1)C.[Cl-].[Cl-].[H+].[H+],0,ccris
Nc1cnn(C2OC(CO)C(O)C2O)c(=O)n1,0,ccris
CC(=O)OC1C(O)C2OC3C=C(C)C(=O)C(O)C3(CO)C1(C)C12CO1,0,ccris
CCCCCCN(C)N=O,1,ccris
CCOP(=O)(NC(C)C)Oc1ccc(SC)c(C)c1,0,ccris
COc1ccccc1N.[Cl-].[H+],1,ccris
Cc1c(N(C)CS(=O)(=O)[O-])c(=O)n(c2ccccc2)n1C.[Na+],0,ccris
O=Nc1cc2c3ccccc3ccc2c2ccccc12,1,ccris
O=C1OC2(c3cc(Br)c(O)c(Br)c3Oc3c2cc(Br)c(O)c3Br)c2c(Cl)c(Cl)c(Cl)c(Cl)c12,0,ccris
O=S(=O)([O-])[O-].OC[P+](CO)(CO)CO.OC[P+](CO)(CO)CO,0,ccris
Nc1ccc(N)cc1.[Cl-].[Cl-].[H+].[H+],0,ccris
O=C1C(=Cc2cc(S(=O)(=O)[O-])ccc2C1=NNc1ccc(S(=O)(=O)[O-])c2ccccc12)S(=O)(=O)[O-].[Na+].[Na+].[Na+],0,ccris
CC1(C)SC2C(NC(=O)C(N)c3ccccc3)C(=O)N2C1C(=O)O.O.O.O,0,ccris
OC1COC(O)C(O)C1O,0,ccris
OC1c2cc3ccc4cccc5c6ccccc6c(c2C2OC2C1O)c3c45,1,ccris
O=[N+]([O-])c1ccc2ccc3cccc4c5ccccc5c1c2c34,0,ccris
O=C1C=Cc2cc(S(=O)(=O)[O-])ccc2C1=NNc1ccc(S(=O)(=O)[O-])cc1.[Na+].[Na+],0,ccris
c1ccc2c(c1)ccc1ncccc21,0,ccris
C#CC1(OC(=O)C)CCC2C3CCC4=CC(OC(=O)C)CCC4C3CCC12C,1,ccris
C1COCCN1,0,ccris
CN(C)C(=O)Nc1ccc(Cl)c(Cl)c1,0,ccris
C#CC1(OC(=O)C)CCC2C3CCC4=CC(=O)CCC4C3CCC12C,1,ccris
O=C([O-])CCCCCCCCC(=O)[O-].[Na+].[Na+],0,ccris
C=C(C)C1Cc2c(ccc3c2OC2COc4cc(OC)c(OC)cc4C2C3=O)O1,0,ccris
CCCN(C)N=O,1,ccris
CCN(CCO)N=O,1,ccris
COCc1cnc(C2=NC(C)(C(C)C)C(=O)N2)c(C(=O)O)c1,0,ccris
Cc1cc(c2ccccc2C)ccc1N=O,1,ccris
CCC1c2ccc(O)cc2C(C)C1c1ccc(O)cc1,0,ccris
C#CCN1C(=O)COc2cc(F)c(N3C(=O)C4=C(CCCC4)C3=O)cc12,0,ccris
Nc1ccc(C(=O)Nc2ccccc2N)cc1,1,ccris
COc1cc(c2ccc(N)c(OC)c2)ccc1N.[Cl-].[Cl-].[H+].[H+],1,ccris
c1ccc2-c3cc4cccc5ccc6ccc(-c2c1)c3c6c45,1,ccris
Nc1ccc(Cc2ccc(N)cc2)cc1.[Cl-].[Cl-].[H+].[H+],1,ccris
CN1C(=O)CC(C(=O)NC(Cc2cnc[nH]2)C(=O)N2CCCC2C(=O)N)NC1=O,0,ccris
NC(=O)C(=Cc1ccc([N+](=O)[O-])o1)c1ccco1,1,ccris
C=C(C)c1ccccc1,0,ccris
COc1nn(CSP(=S)(OC)OC)c(=O)s1,0,ccris
CC1OC(OCC2OC(Oc3c(c4ccc(O)c(O)c4)oc4cc(O)cc([O-])c4c3=O)C(O)C(O)C2O)C(O)C(O)C1O.O=S(=O)(O)O.[Na+],0,ccris
O=C1c2ccccc2CN2C(=O)c3ccccc3CN12,1,ccris
OC1c2cc3ccc4ccccc4c3nc2C2OC2C1O,0,ccris
O=[N+]([O-])c1ccc2ccc3c([N+](=O)[O-])c4ccccc4c4ccc1c2c34,0,ccris
CC1=C(C(=O)OCCN(Cc2ccccc2)c2ccccc2)C(c2cccc([N+](=O)[O-])c2)C(=C(C)N1)P1(=O)OCC(C)(C)CO1.[Cl-].[H+],0,ccris
O=C(O)CNCP(=O)(O)O,0,ccris
CCOP(=O)(SC(C)CC)N1CCSC1=O,0,ccris
C[NH+](C)CCC(c1ccc(Cl)cc1)c1ccccn1.O=C([O-])C=CC(=O)O,0,ccris
c1ccc2-c3cccc4cccc(-c2c1)c34,1,ccris
CCCCCCOc1cc2c(c3ccc4ccccc4c13)CCC2=O,0,ccris
CCN(CC)C(=S)[S-].CCN(CC)C(=S)[S-].CCN(CC)C(=S)[S-].CCN(CC)C(=S)[S-].[Te+4],0,ccris
Cc1c2ccccc2c(CO)c2ccc3ccccc3c12,1,ccris
CCC(=C(c1ccc(O)cc1)c1ccc(OCCN(C)C)cc1)c1ccccc1,0,ccris
CCCCCCCCCCCCCC(=O)OC1C(C)C2(O)C(C=C(CO)CC3(O)C(=O)C(=CC23)C)C2C(C)(C)C12OC(=O)C,1,ccris
CO[Si](CCCOCC1CO1)(OC)OC,0,ccris
CCOC(=O)Nc1cccc(OC(=O)Nc2ccccc2)c1,0,ccris
CC(=CCCC(=CC=O)C)C,0,ccris
Nc1ccc(C=Cc2ccccc2)cc1,1,ccris
COc1ccc(CN(CCN(C)C)c2ccccn2)cc1.[Cl-].[H+],0,ccris
COc1ccc(C2OC2C)cc1,1,ccris
Nc1cc(S(=O)(=O)[O-])cc2c1C(=O)C(=NNc1ccc(c3ccc(NN=C4C(=O)c5c(N)cc(S(=O)(=O)[O-])cc5C=C4S(=O)(=O)[O-])cc3)cc1)C(=C2)S(=O)(=O)[O-].[Na+].[Na+].[Na+].[Na+],1,ccris
CCN(N=O)C(=O)NC,1,ccris
CNC(=O)ON=CC(C)(C)SC,0,ccris
N#[N+]c1ccc(CO)cc1.O=S([O-])[O-],1,ccris
NNc1ccc(C(=O)O)cc1.[Cl-].[H+],0,ccris
O=[N+]([O-])c1c2ccccc2c2ccc3cccc4ccc1c2c34,0,ccris
ClCC=CCCl,1,ccris
CN(C)C1C(=O)C(=C(N)O)C(=O)C2(O)C(=O)C3=C(O)c4c(O)cccc4C(C)(O)C3CC12.[Cl-].[H+],0,ccris
Cc1cc(c2ccc(N)c(C)c2)ccc1N.[Cl-].[Cl-].[H+].[H+],1,ccris
NNC(=O)c1cccnc1,1,ccris
Nc1cc2c3c(ccc2c2ccccc12)C(O)C(O)C=C3,1,ccris
CN(C)c1nc(=O)n(C2CCCCC2)c(=O)n1C,0,ccris
O=C1c2ccccc2C(=O)C1c1ccc2ccccc2n1,1,ccris
NC1=NCN(C2OC(CO)C(O)C2O)C(=O)N1,0,ccris
CC(=O)CC(C)C,0,ccris
O=C1C=Cc2ccccc2C1=NNc1ccc([N+](=O)[O-])cc1[N+](=O)[O-],0,ccris
COc1cc(C=CC(=O)CC(=O)C=Cc2ccc(O)c(OC)c2)ccc1O,0,ccris
CC(C)(C)CC(C)(C)c1ccc(OCCOCC[N+](C)(C)Cc2ccccc2)cc1.[Cl-],0,ccris
O=C([O-])CCC(=O)[O-].[Na+].[Na+],0,ccris
CN(C)CCN(Cc1cccs1)c1ccccn1.[Cl-].[H+],1,ccris
OC1C=Cc2c(ccc3-c4cccc5cccc(-c23)c45)C1O,1,ccris
CCNC(=O)N(CC)N=O,1,ccris
COc1ccc(C2CC(=O)c3c(O)cc(OC4OC(COC5OC(C)C(O)C(O)C5O)C(O)C(O)C4O)cc3O2)cc1OC,0,ccris
ClCCSCCCl,1,ccris
CCc1cc(Cc2cc(CC)cc(C(C)(C)C)c2O)c(O)c(C(C)(C)C)c1,0,ccris
CC1=CC2(OC3OC(CO)C(O)C(O)C3O)CC(C)C(=O)C2C(C)(O)C21CC2,1,ccris
O=c1ccc2ccc3occc3c2o1,0,ccris
C=Cc1ccccn1,0,ccris
NNC(=O)c1ccccc1,1,ccris
O=C1C=Cc2ccccc2C1=NNc1ccccc1,1,ccris
CCC(=O)OCCCCCC(C)C,0,ccris
C[Hg]OC(=O)C,0,ccris
CN(C)c1ccc(N=NS(=O)(=O)[O-])cc1.[Na+],0,ccris
CC(C)N(C(=O)SCC(=CCl)Cl)C(C)C,1,ccris
CCC1OC(=O)C(C)C(OC2CC(C)(OC)C(O)C(C)O2)C(C)C(OC2OC(C)CC([NH+](C)C)C2O)C(C)(O)CC(C)C(=O)C(C)C(O)C1(C)O.CCCCCCCCCCCCCCCCCC(=O)[O-],0,ccris
CC1CN(N=O)CO1,1,ccris
CCOC(OCC)C(=O)c1ccccc1,0,ccris
CCN(CC)C(=O)Nc1ccc(OCC(O)CNC(C)(C)C)c(C(=O)C)c1.[Cl-].[H+],0,ccris
c1ccc2c(c1)c1c(c3cccnc23)O1,0,ccris
O=P([O-])([O-])O.OCC(Br)CBr.[Mg+2],1,ccris
Nc1ccc(C=Cc2ccc(N)cc2S(=O)(=O)[O-])c(S(=O)(=O)[O-])c1.[Na+].[Na+],0,ccris
CN(C)N=Nc1ccc(Br)cc1,0,ccris
CSC1=NC(C)(c2ccccc2)C(=O)N1Nc1ccccc1,0,ccris
CN(C)N=Nc1c(Br)cc(Br)cc1Br,0,ccris
CC1CN(N=O)CC(C)O1,1,ccris
CN1COCN(Cc2cnc(Cl)s2)C1=N[N+](=O)[O-],0,ccris
OCC1OC2OC3C(CO)OC(OC4C(CO)OC(OC5C(CO)OC(OC6C(CO)OC(OC7C(CO)OC(OC8C(CO)OC(OC1C(O)C2O)C(O)C8O)C(O)C7O)C(O)C6O)C(O)C5O)C(O)C4O)C(O)C3O,0,ccris
CCCCN(N=O)C(CCC)OC(=O)C,1,ccris
NC(CC(=O)O)C(=O)[O-].[Na+],0,ccris
Cc1ccc([N+]#N)cc1.O=S(=O)([O-])[O-],1,ccris
C#CC1(O)CCC2C3CCC4=C(CCC(=O)C4)C3CCC12C,1,ccris
COc1cc2c(c3oc(=O)c4c(c13)CCC4=O)C1CCOC1O2,1,ccris
c1ccc2cc3c(ccc4ccccc34)cc2c1,1,ccris
CCC(=C(c1ccccc1)c1ccc(OCCN(C)C)cc1)c1ccccc1,1,ccris
c1ccc2c(c1)cc1ccc3c4ccccc4cc4ccc2c1c34,1,ccris
CC1=C2C(=COC(C)C2C)C(=O)C(=C(O)O)C1=O,1,ccris
CC1CN1,1,ccris
OCC(O)C(O)C(O)C(O)CO,0,ccris
COc1cccc2c1C(=O)c1c(O)c3c(c(O)c1C2=O)CC(O)(C(=O)C)CC3OC1CC(N)C(O)C(C)O1,1,ccris
C=CN(C)N=O,1,ccris
O=CCC=O,0,ccris
CC(=O)NC1C(O)OC(CO)C(O)C1O,0,ccris
CC(C)(c1ccc(OCC2CO2)cc1)c1ccc(OCC2CO2)cc1,0,ccris
CC(=O)N(OC1OC(C(=O)O)C(O)C(O)C1O)c1ccc2-c3c(Cc2c1)cccc3,0,ccris
NC(CCC(=O)NNc1ccc(CO)cc1)C(=O)O,0,ccris
CN1C2CCC1CC(OC(=O)C(CO)c1ccccc1)C2,0,ccris
C=CC(=O)OCCCC,0,ccris
COC(=O)N(C(=O)N1COC2(C(=O)OC)Cc3cc(Cl)ccc3C2=N1)c1ccc(OC(F)(F)F)cc1,0,ccris
FC(F)OC(Cl)C(F)(F)F,0,ccris
ON=c1ccn(O)c2ccccc12.[Cl-].[H+],1,ccris
O.O=C([O-])c1ccccn1.[Cr],0,ccris
CC(N)Cc1ccccc1.CC(N)Cc1ccccc1.O=S(=O)(O)O,0,ccris
CCC(C)OC(OC(C)CC)C(=O)c1ccccc1,0,ccris
CCOC(=O)N(C)N=O,1,ccris
COc1ccc(N)cc1.[Cl-].[H+],0,ccris
CCCCNN.[Cl-].[H+],1,ccris
Nc1ccc2-c3c(Cc2c1)cccc3,1,ccris
CCCN(CCC)C(=O)SCC,0,ccris
NC(CCC(=O)O)C(=O)[O-].[Na+],0,ccris
CCCCCCCCCc1ccc(OCCO)cc1,0,ccris
CC12CCC3c4ccc(O)cc4CCC3C1CC(O)C2O,1,ccris
O=C1OC(C(O)CO)C(=O)[C-]1O.[Na+],0,ccris
c1ccc2c3-c4cccc5cccc(-c3ccc2c1)c45,1,ccris
CC=CC=O,0,ccris
OC1CCc2c(ccc3cc4ccc5ccccc5c4nc23)C1O,0,ccris
c1ccc2c(c1)ccc1cccnc21,0,ccris
COc1cc(OC)c2c(c1Cl)OC1(C2=O)C(C)CC(=O)CC1OC,1,ccris
CC(C)(C)c1cc(O)ccc1O,0,ccris
CC(CN1c2ccccc2Sc2ccccc12)N(C)C.[Cl-].[H+],0,ccris
CCC(=C(CC)c1ccc(O)cc1)c1ccc(O)cc1,1,ccris
C=CC(=O)OCC(CC)CCCC,0,ccris
O=[N+]([O-])c1c2ccccc2cc2c3ccccc3c3ccccc3c12,0,ccris
Cc1cccc2c(C)c3c(ccc4ccccc34)c(C)c12,1,ccris
CN(C)CCOc1ccc(C(=C(CCCl)c2ccccc2)c2ccccc2)cc1.O=C(O)CC(O)(CC(=O)O)C(=O)O,0,ccris
O=C([O-])c1ccccn1.O=C([O-])c1ccccn1.O=C([O-])c1ccccn1.[Cr+3],0,ccris
CC(=CC=CC=C(C)C=CC=C(C)C(=O)OC1OC(COC2OC(CO)C(O)C(O)C2O)C(O)C(O)C1O)C=CC=C(C)C(=O)OC1OC(COC2OC(CO)C(O)C(O)C2O)C(O)C(O)C1O,0,ccris
O=[N+]([O-])c1ccc2ccc3c4ccccc4c([N+](=O)[O-])c4ccc1c2c34,1,ccris
Clc1ccc(C(c2ccc(Cl)cc2)C(Cl)(Cl)Cl)cc1.Clc1ccc(C(c2ccccc2Cl)C(Cl)(Cl)Cl)cc1,1,ccris
CCOP(=S)(CC)Sc1ccccc1,0,ccris
CNC(=O)N(C)N=O,1,ccris
O=C(Nc1ccccc1)Nc1ccnc(Cl)c1,0,ccris
CCC(=O)OC1CCC2C3CCC4=CC(=O)CCC4(C)C3CCC12C,1,ccris
CC(=O)O.CCNC(=O)C1CCCN1C(=O)C(CCCN=C(N)N)NC(=O)C(CC(C)C)NC(=O)C(COC(C)(C)C)NC(=O)C(Cc1ccc(O)cc1)NC(=O)C(CO)NC(=O)C(Cc1c[nH]c2ccccc12)NC(=O)C(Cc1cnc[nH]1)NC(=O)C1CCC(=O)N1,0,ccris
Clc1ccc(c2cc(Cl)c(Cl)c(Cl)c2)cc1Cl,1,ccris
CNc1ccc(N=Nc2ccccc2)cc1,1,ccris
O=C1C=Cc2ccccc2C1=NNc1ccc([N+](=O)[O-])cc1Cl,0,ccris
COc1ccccc1O,0,ccris
Nc1ccc(N=Nc2ccccc2)c(N)n1.[Cl-].[H+],1,ccris
CC(=O)Nc1ccc2ccc3cccc4ccc1c2c34,0,ccris
O=CN(O)c1ccc(C=Cc2ccccc2)cc1,1,ccris
c1ccc2c(c1)cnc1ccccc21,0,ccris
OC1c2ccccc2-c2nc3ccccc3cc2C1O,0,ccris
Cn1cc(OCC(O)CNC(C)(C)C)c2ccccc2c1=O.[Cl-].[H+],0,ccris
NC(Cc1ccc(N(CCCl)CCCl)cc1)C(=O)O,1,ccris
Nc1cc(Cl)ccc1O,1,ccris
Cc1ccc(O)cc1,0,ccris
O=C(CO)C(O)C(O)C(O)CO,0,ccris
CN1C(=O)C(O)N=C(c2ccccc2)c2cc(Cl)ccc12,0,ccris
CCOS(=O)(=O)C,1,ccris
ClC1=C(Cl)C2(Cl)C3C(Cl)C(Cl)CC3C1(Cl)C2(Cl)Cl,1,ccris
OC[P+](CO)(CO)CO.[Cl-],0,ccris
COc1ccc([N+](=O)[O-])cc1NN=C1C(=O)C(=Cc2ccccc12)C(=O)Nc1cccc([N+](=O)[O-])c1,0,ccris
Cc1cc(C)c(S(=O)(=O)[O-])cc1NN=C1C=C(S(=O)(=O)[O-])c2ccccc2C1=O.[Na+].[Na+],0,ccris
CCS(=O)(=O)c1ccc(S(=O)(=O)N)c2ccccc12,1,ccris
O=S(=O)([O-])NC1CCCCC1.[Na+],0,ccris
Cc1cc2ncccc2c2nc(N)n(C)c12,1,ccris
C=Cc1ccncc1,0,ccris
Cc1c2ccccc2cc2c1ccc1ccccc21,1,ccris
CSC(=O)c1cccc2nnsc12,0,ccris
CCCCCC(O)C=CC=O,0,ccris
CCn1c2ccccc2c2cc(N)ccc12.[Cl-].[H+],1,ccris
Cn1c(NO)nc2ncc(c3ccccc3)cc12,0,ccris
CC(=O)OC[N-][N+](=O)C,1,ccris
CCCCNC(=O)OCC#CI,0,ccris
O=c1cc(CO)occ1O,1,ccris
CN(C)CCOC(C)(c1ccccc1)c1ccccn1.O=C(O)CCC(=O)O,1,ccris
Nc1ccc2cc3ccccc3cc2c1,1,ccris
O=[N+]([O-])c1cccc2c1ccc1c3ccccc3ccc21,0,ccris
CC=Cc1ccc(O)c(OC)c1,0,ccris
COc1ccc2c3c1OC1C(O)C=CC4C(C2)N(C)CCC314,0,ccris
COC(=O)N=NC=C1C=[N+]([O-])c2ccccc2N1O,1,ccris
CCC(C)OC(=O)N1CCCCC1CCO,0,ccris
CC1(C)CN=C(NN=C(C=Cc2ccc(C(F)(F)F)cc2)C=Cc2ccc(C(F)(F)F)cc2)NC1,0,ccris
C=CC=NO,0,ccris
CC(=O)[O-].CC(=O)[O-].[OH-].[OH-].[OH-].[OH-].[Pb+2].[Pb+2].[Pb+2],1,ccris
CCCCCN(C)N=O,1,ccris
CC1CS(=O)(=O)CCN1N=Cc1ccc([N+](=O)[O-])o1,1,ccris
Clc1ccc(Cl)c(c2cc(Cl)ccc2Cl)c1,0,ccris
Nc1nc(=O)c2ncn(C3CC(CO)C3CO)c2[nH]1,1,ccris
C=CC(=O)OCCCCCC(C)C,0,ccris
OC(Cn1cncn1)(c1ccc(F)cc1)c1ccccc1F,0,ccris
O=CC(=Cc1ccccc1)Br,0,ccris
OC1C2COC(O2)C(O)C1O,0,ccris
OC1c2cccc3c4ccccc4c4c5ccccc5cc(c4c23)C1O,0,ccris
CCOS(=O)(=O)OCC,1,ccris
CCCCCCCCC=CCCCCCCCC(=O)[O-].[Na+],0,ccris
CC1=CC(=O)N=S(=O)([O-])O1.[K+],0,ccris
O=C(O)C1=CC(=NNc2ccc(C(=O)O)cc2)C=CC1=O,0,ccris
CCOC(=O)C(C)Oc1ccc(Oc2nc3ccc(Cl)cc3o2)cc1,0,ccris
CCCCN(C)N=O,1,ccris
O.O=c1[nH]c(=O)n(O)c2nc[nH]c12,1,ccris
O=[N+]([O-])c1ccc2-c3cccc4c(ccc(-c2c1)c34)[N+](=O)[O-],1,ccris
Cc1cc2ccccc2c2cc([N+](=O)[O-])c3ccccc3c12,1,ccris
CC1=CC2OC3C(O)C(O)C(C)(C43CO4)C2(CO)C(O)C1=O,0,ccris
CCCCCCC(O)CC=CCCCCCCCC(=O)O.OCC(O)CO,0,ccris
CC(=O)OCC=C(C)CCC=C(C)C,0,ccris
NC(=Nc1nc(CSCCN=CNS(=O)(=O)c2ccc(Br)cc2)cs1)N,0,ccris
CC1(C)C(C(=O)OC(C#N)c2cccc(Oc3ccccc3)c2)C1(C)C,0,ccris
CCCCCCCCN(C)N=O,1,ccris
O=C1NC(=O)c2c(ncn2[O-])[NH2+]1,1,ccris
Nc1ccc(N=Nc2ccccc2)cc1,1,ccris
C=CCN(N)CC=C,1,ccris
Cc1nn(C)c(Oc2ccccc2)c1C=NOCc1ccc(C(=O)OC(C)(C)C)cc1,0,ccris
Cc1c(C(=O)O)c(O)cc2c1C(=O)c1c(O)c(C3OC(CO)C(O)C(O)C3O)c(O)c(O)c1C2=O,0,ccris
CNC(C)C(O)c1ccccc1.CNC(C)C(O)c1ccccc1.O=S(=O)(O)O,0,ccris
ClCc1ccccn1.[Cl-].[H+],0,ccris
Cc1cc(N)ccc1N.O=S(=O)(O)O,0,ccris
CC(C(O)CCC(C)(C)O)C1CCC2(O)C3=CC(=O)C4CC(O)C(O)CC4(C)C3CCC12C,1,ccris
COc1cc(C=CC(=O)OC2CCC34CC53CCC3(C)C(C(C)CCC=C(C)C)CCC3(C)C5CCC4C2(C)C)ccc1O,0,ccris
OC1C=Cc2c(ccc3ncccc23)C1O,0,ccris
Cc1ccc(S(=O)(=O)[O-])cc1C.[Na+],0,ccris
O=[N+]([O-])c1ccc2ccc3ccc([N+](=O)[O-])c4ccc1c2c34,1,ccris
C1=Cc2c3ccccc3cc3cccc1c23,1,ccris
Cc1c(N(C)C)c(=O)n(c2ccccc2)n1C,0,ccris
c1ccc2c(c1)ccc1ccccc21,0,ccris
CCN(COC(=O)C)N=O,1,ccris
CC(=O)OCC1OC(OC2(COC(=O)C)OC(COC(=O)C(C)C)C(OC(=O)C(C)C)C2OC(=O)C(C)C)C(OC(=O)C(C)C)C(OC(=O)C(C)C)C1OC(=O)C(C)C,0,ccris
OCC1OC(OC2(CCl)OC(CCl)C(O)C2O)C(O)C(O)C1Cl,0,ccris
CCC1=C(C)CN(C(=O)NCCc2ccc(S(=O)(=O)NC(=O)NC3CCC(C)CC3)cc2)C1=O,0,ccris
CCCCN(CC)N=O,1,ccris
Clc1cc2oc3c(Cl)c(Cl)c(Cl)cc3c2cc1Cl,1,ccris
CN(C)C(=O)Cl,1,ccris
c1ccc2c(c1)ccc1cc3c(ccc4ccccc34)cc21,1,ccris
CC12C=CC(=O)C=C1CCC1C2C(=O)CC2(C)C1CCC2(O)C(=O)CO,0,ccris
CN(C)c1ccc([C+](c2ccc(N(C)C)cc2)c2ccc(N(C)C)cc2)cc1.[Cl-],1,ccris
O=[N+]([O-])c1ccc2ccc3c4ccccc4ccc3c2c1,0,ccris
O=C1OC2(c3ccccc13)c1ccc(O)c(I)c1Oc1c2ccc(O)c1I,0,ccris
CCCc1cc2ccccc2c2ccc3c(c12)C1OC1C(O)C3O,0,ccris
O=c1c(OC2OC(CO)C(O)C(O)C2O)c(c2ccc(O)c(O)c2)oc2cc(O)cc(O)c12,0,ccris
Nc1cc2c3ccccc3ccc2c2ccccc12,0,ccris
CC(=O)C=O,0,ccris
CCCN(CC(=O)C)N=O,1,ccris
c1ccc2nc3c(ccc4ccccc34)cc2c1,1,ccris
COc1cc(NS(=O)(=O)C)ccc1Nc1c2ccccc2nc2ccccc12,1,ccris
CCC1CCCC(OC2CCC(N(C)C)C(C)O2)C(C)C(=O)C2=CC3C(C=CC4CC(OC5OC(C)C(OC)C(OC)C5OC)CC34)C2CC(=O)O1,0,ccris
F[B-](F)(F)F.N#[N+]c1ccccc1,0,ccris
O=C1c2ccccc2C(=O)c2ccccc12,1,ccris
Cc1cccc2ccccc12,0,ccris
CCCC(=O)CN(C)N=O,1,ccris
CC1OC(OCC2OC(Oc3cc4c(O)cc(O)cc4[o+]c3c3ccc(O)c(O)c3)C(O)C(O)C2O)C(O)C(O)C1O.[Cl-],0,ccris
COc1cc(OC)nc(NC(=O)NS(=O)(=O)c2c(NC=O)cccc2C(=O)N(C)C)n1,0,ccris
OCC(O)C(O)CO,0,ccris
CC12CC(=CO)C(=O)CC1CCC1C2CCC2(C)C1CCC2(C)O,1,ccris
CNC(=O)Oc1cccc2c1OC(C)(C)C2,0,ccris
N=C1C=CC(=C(c2ccc(N)cc2)c2ccc(N)cc2)C=C1.[Cl-].[H+],1,ccris
CC(=NC#N)N(C)Cc1ccc(Cl)nc1,0,ccris
CN1C2CC(OC(=O)C(CO)c3ccccc3)CC1C1OC21.O.O.O.[Br-].[H+],0,ccris
O=C([O-])C1=Cc2ccccc2C(=NNc2ccccc2)C1=O.O=C([O-])C1=Cc2ccccc2C(=NNc2ccccc2)C1=O.[Ca+2],0,ccris
O=C(O)CC1NC(=O)C(Cc2ccccc2)NC1=O,0,ccris
Cc1ccc(S(=O)(=O)Oc2ccc(N=Nc3ccc(c4ccc(NN=C5C(=O)C=Cc6cc(S(=O)(=O)[O-])cc(S(=O)(=O)[O-])c56)c(C)c4)cc3C)cc2)cc1.[Na+].[Na+],1,ccris
N#[N+]c1ccc(CO)cc1,1,ccris
COc1ccc(CN(CCN(C)C)c2ccccn2)cc1.O=C(O)C=CC(=O)O,0,ccris
CN(C)c1ccc([C+](c2ccc(N(C)C)cc2)c2c(O)c(S(=O)(=O)[O-])cc3cc(S(=O)(=O)[O-])ccc23)cc1.[Na+],0,ccris
Cc1c(N)cccc1N.[Cl-].[Cl-].[H+].[H+],0,ccris
O=[N+]([O-])c1cccc2-c3ccc(c4cccc(-c12)c34)[N+](=O)[O-],1,ccris
COC(Cc1ccc(OCCCOc2ccc(Oc3ccccc3)cc2)cc1)C(=O)O,0,ccris
c1ccc2-c3c4c(-c2c1)cccc4c1c(c3)cccc1,1,ccris
CC=Cc1ccc2c(c1)OCO2,1,ccris
C=Cc1cccnc1,0,ccris
COC(=O)COc1ccc(Cl)cc1,0,ccris
CC(C)NCCCC1(C(=O)N)c2ccccc2-c2ccccc12.[Cl-].[H+],0,ccris
O=C([O-])C1=NN(c2ccc(S(=O)(=O)[O-])cc2)C(=O)C1N=Nc1ccc(S(=O)(=O)[O-])cc1.[Na+].[Na+].[Na+],0,ccris
COc1cc(OC)nc(NC(=O)NS(=O)(=O)c2c(Cl)nc3ccccn23)n1,0,ccris
CC1(C(=O)O)CCC2(C)CCC3(C)C(=CC(=O)C4C5(C)CCC(OC6OC(C(=O)O)C(O)C(O)C6OC6CC(C(=O)O)C(O)C(O)C6O)C(C)(C)C5CCC34C)C2C1.[Na].[Na],0,ccris
Cc1ccccc1N.[Cl-].[H+],1,ccris
Cc1c2ccccc2c(C)c2c1ccc1ccccc21,1,ccris
CCOC(=O)C=[N+]=[N-],1,ccris
ClC1=CC(=C(Cl)C2OC12)c1cc(Cl)ccc1Cl,0,ccris
CC(=O)Oc1ccccc1C(=O)O.CCOc1ccc(NC(=O)C)cc1.Cn1c(=O)c2c(ncn2C)n(C)c1=O,0,ccris
Nc1c(Cl)c(F)nc(OCC(=O)O)c1Cl,0,ccris
O=[N+]([O-])c1cc([N+](=O)[O-])c2ccc(S(=O)(=O)[O-])cc2c1[O-].[Na+],0,ccris
CCC(C)C1OC2(C=CC1C)CC1CC(CC=C(C)C(OC3CC(OC)C(OC4CC(OC)C([NH2+]C)C(C)O4)C(C)O3)C(C)C=CC=C3COC4C(O)C(=CC(C(=O)O1)C34O)C)O2.O=C([O-])c1ccccc1,0,ccris
CCc1cc2ccccc2c2ccc3c(c12)C1OC1C(O)C3O,0,ccris
CCCCOC(=O)c1ccc(O)cc1,0,ccris
CCN(CC)C(=O)N(C)N=O,1,ccris
COc1cccc2c1C(=O)c1c(O)c3c(c(O)c1C2=O)CC(O)(C(=O)CO)CC3OC1CC(N)C(O)C(C)O1,1,ccris
OC1C=Cc2c(ccc3cccnc23)C1O,0,ccris
ClCc1cccnc1.[Cl-].[H+],1,ccris
N.O=NN(O)c1ccccc1,1,ccris
CN(CCC#N)N=O,1,ccris
O=[N+]([O-])c1ccc2c(ccc3c4ccccc4ccc23)c1,0,ccris
c1cc2ccc3cc4cccc5ccc6cc(c1)c2c3c6c45,1,ccris
CN(C)CCOC(c1ccccc1)c1ccccc1.[Cl-].[H+],0,ccris
CC(O)CN(N=O)C(=O)N,1,ccris
O=[N+]([O-])c1ccc(O)cc1,0,ccris
O=C([O-])C1=Cc2ccccc2C(=NNc2ccc3ccccc3c2S(=O)(=O)[O-])C1=O.[Ca+2],0,ccris
CN(C)NN=C1N=CN=C1C(=O)N,1,ccris
Cc1cc(C)nc(NS(=O)(=O)c2ccc(N)cc2)n1,1,ccris
O=C1C(=C(O)OC1C(O)C[O-])O.[Na+],0,ccris
CCN(CC)c1cc2[o+]c3cc(N(CC)CC)c(C)cc3c(c3ccc(S(=O)(=O)[O-])cc3S(=O)(=O)[O-])c2cc1C.[Na+],0,ccris
O=[N+]([O-])c1cc[n+]([O-])c2ccccc12,1,ccris
CC=CC=CC=O,1,ccris
c1ccc2c(c1)ccc1c3ccccc3ccc21,1,ccris
CCO[Si](CCC1CCC2OC2C1)(OCC)OCC,0,ccris
C=CN(CC)N=O,1,ccris
O=c1[nH]cc(N(CCCl)CCCl)c(=O)[nH]1,1,ccris
CN1C(=C(O)Nc2ccccn2)C(=O)c2sc(Cl)cc2S1(=O)=O,0,ccris
Cc1ccc(NN=C2C(=O)C=Cc3ccccc23)c([N+](=O)[O-])c1,1,ccris
Nc1ccc(c2ccc(F)cc2)cc1,1,ccris
CCC(=O)N(O)c1ccc(c2ccccc2)cc1,0,ccris
C=C(C)C(=O)N,1,ccris
CC12CCC3C(CC=C4CC(O)CCC34C)C1CCC2=O,1,ccris
OCc1ccc2ccc3cccc4ccc1c2c34,0,ccris
OC1c2cccc3-c4c(C5(c23)OC5C1O)cccc4,1,ccris
CN(Cc1ccccc1)N=O,1,ccris
CNCC(O)c1cccc(O)c1.[Cl-].[H+],0,ccris
CCCCCCCCC=CCCCCCCCC(=O)OCCOCC(OCCO)C1OC(OCCO)CC1OCCO,0,ccris
OC1c2nc3c(ccc4ccccc34)cc2C2OC2C1O,0,ccris
CC12CCC3C4=C(CCC3C1CCC2=O)C(=O)C(=O)C=C4,0,ccris
CC(C)COC(=O)c1ccc(O)cc1,0,ccris
CCCN[NH3+].[Cl-],1,ccris
Nc1ccn(C2OC(CO)C(O)C2O)c(=O)n1,0,ccris
CC(C)CC=NN(C)C=O,1,ccris
O=C([O-])CC(O)(CC(=O)[O-])C(=O)[O-].[Fe+3],0,ccris
Cn1cc(c2ccccc2)c(=O)c(c2cccc(C(F)(F)F)c2)c1,0,ccris
CCN(CC(=O)O)N=O,0,ccris
OCC(O)C(O)C(O)C(O)COC1OC(CO)C(O)C(O)C1O,0,ccris
O=C1C(=C(O)OC1C(O)CO)O,0,ccris
CN(C)c1ccc([C+](c2ccccc2)c2ccc(N(C)C)cc2)cc1.[Cl-],0,ccris
COc1cc(C(C)(C)C)c(O)cc1C(C)(C)C,0,ccris
CCCCCc1cc(O)c2c(c1)OC(C)(C)C1CCC(=CC21)C,0,ccris
c1ccc2c(c1)c1cccc3ccc4cccc2c4c13,0,ccris
Nc1nc(=O)c2ncn(COCCO)c2[nH]1,0,ccris
S=C([S-])NCCNC(=S)[S-].[Zn+2],0,ccris
CN(N=O)C(CCCO)c1cccnc1,0,ccris
O=C1OC2(c3cc(Br)c([O-])c(Br)c3Oc3c2cc(Br)c([O-])c3Br)c2c(Cl)c(Cl)c(Cl)c(Cl)c12.[Na+].[Na+],0,ccris
OC1c2cc3ccc4cccc5ccc(c2C2OC2C1O)c3c45,1,ccris
O=[N+]([O-])c1cc2cccc3ccc4cccc1c4c23,1,ccris
CN(N=O)C(=O)NCCCC(N)C(=O)O,1,ccris
N#CCCC(Br)(C#N)CBr,0,ccris
CC=C(C)C(=O)OC1CCN2CC=C(COC(=O)C(O)(C(C)OC)C(C)(C)O)C12,1,ccris
Clc1cc2c(c(Cl)c1Cl)Oc1c(Cl)c(Cl)c(Cl)c(Cl)c1O2,1,ccris
Cc1cc2c(c3ccc4ccccc4c13)C=CC(O)C2O,1,ccris
CCn1cc(C(=O)O)c(=O)c2cc(F)c(N3CCNCC3)cc12,0,ccris
Nc1ncn(C2OC(CO)C(O)C2O)c(=O)n1,1,ccris
O=NN1CCOC1,1,ccris
CC(=O)OC1(C(=O)C)CCC2C3C=C(Cl)C4=CC(=O)C5CC5C4(C)C3CCC12C,1,ccris
CC(=O)OCC=C(C)C=CC=C(C)C=CC1=C(C)CCCC1(C)C,1,ccris
Cc1cc2-c3c(-c4c2c(ccc4)c1)cccc3,1,ccris
OCc1c2ccccc2c2ccc3cccc4ccc1c2c34,1,ccris
C=C1CC23CCC4C(C)(C(=O)OC5OC(CO)C(O)C(O)C5O)CCCC4(C)C2CCC1(OC1OC(CO)C(O)C(O)C1OC1OC(CO)C(O)C(O)C1O)C3,0,ccris
O=C(CO)CO,0,ccris
CCCCOC(=O)C(C)Oc1ccc(Oc2ccc(C(F)(F)F)cn2)cc1,0,ccris
COc1cc2c(c3oc(=O)c4c(c13)CCC4O)C1C=COC1O2,1,ccris
CC1(C)C(C(=O)OC(C#N)c2cccc(Oc3ccccc3)c2)C1C(Br)C(Br)(Br)Br,0,ccris
CCN(CC)CCCNC(=O)Cn1ncc(c2ccccc2)c1c1ccccc1.O=C(O)C=CC(=O)O,0,ccris
Cc1cc(=O)[nH]c(=S)[nH]1,1,ccris
CCN=c1cc2-c(c(c3c(o2)cc(NCC)c(C)c3)c2ccccc2C(=O)OCC)cc1C.[Cl-].[H+],0,ccris
Cc1ccc(C(=CCN2CCCC2)c2ccccn2)cc1.O.[Cl-].[H+],0,ccris
c1ccc2c(c1)ccc1cc3ccc4ccccc4c3nc21,1,ccris
CC(Cc1ccccc1)NN.[Cl],0,ccris
O=C(O)Nc1ccc(c2ccccc2)cc1,0,ccris
CCCSP(=O)(OCC)SCCC,0,ccris
C=CSCCC(N)C(=O)O,1,ccris
CCCCCC=NN(C)C=O,1,ccris
O=C(O)CCCCC=C(c1ccccc1)c1cccnc1,0,ccris
CCO[Si](CCCOCC1CO1)(OCC)OCC,0,ccris
CN(C)C1C(=O)C(=C(N)O)C(=O)C2(O)C(=O)C3=C(O)c4c(O)cccc4C(C)(O)C3C(O)C12.[Cl-].[H+],0,ccris
Nc1ccc(N)c(Cl)c1.O=S(=O)(O)O,0,ccris
Nc1ccccc1C(=O)OCC=Cc1ccccc1,1,ccris
O=C(O)C1=CC(=NNc2ccc(S(=O)(=O)Nc3ccccn3)cc2)C=CC1=O,1,ccris
Cc1cnc(C2=NC(C)(C(C)C)C(=O)N2)c(C(=O)O)c1,0,ccris
CC(=O)CN(CC(C)O)N=O,1,ccris
Nc1ccc(O)c(N)c1.[Cl-].[Cl-].[H+].[H+],0,ccris
C=COC(=O)N,1,ccris
COC12C(COC(=O)N)C3=C(C(=O)C(=C(N)C3=O)C)N1CC1NC21,1,ccris
O=C1C=Cc2cc(S(=O)(=O)[O-])cc(S(=O)(=O)[O-])c2C1=NNc1ccc(S(=O)(=O)[O-])c2ccccc12.[Na+].[Na+].[Na+],0,ccris
CS(=O)(=O)c1ccc(C(O)C(CO)NC(=O)C(Cl)Cl)cc1,0,ccris
O=C1C(=NNc2ccc(S(=O)(=O)[O-])c3ccccc23)C=C(S(=O)(=O)[O-])c2ccccc12.[Na+].[Na+],0,ccris
OC1C=Cc2c(cc3ccc4cccc5ccc2c3c45)C1O,1,ccris
Nc1ccccc1,0,ccris
OC1C=Cc2c(ccc3cc4ccccc4nc23)C1O,1,ccris
CC(=O)[O-].CC(=O)[O-].[Ni+2],1,ccris
O=C(O)C1OC(Nc2ccc3-c4c(Cc3c2)cccc4)C(O)C(O)C1O,0,ccris
CCCN(COC(=O)C)N=O,1,ccris
CC12CCC(=O)C=C1CCC1C2CCC2(C)C(O)CCC12,1,ccris
CC(O)C(=O)[O-].CC(O)C(=O)[O-].[Ca+2],0,ccris
CC1(C)SC2C(NC(=O)COc3ccccc3)C(=O)N2C1C(=O)[O-].[K+],0,ccris
Cc1cc2ccccc2c2ccc3ccccc3c12,1,ccris
O=C(O)C=Cc1ccc(O)c(O)c1,1,ccris
CCCCCOC(=O)COc1cc(N2C(=O)C3=C(CCCC3)C2=O)c(F)cc1Cl,0,ccris
Cc1cc(c2ccccc2C)ccc1N.[Cl-].[H+],1,ccris
O=[N+]([O-])c1cc([N+](=O)[O-])c2ccc3cccc4ccc1c2c34,1,ccris
c1cc2ccc3ccc4ccc5cccc6c(c1)c2c3c4c56,0,ccris
COc1cc(C(C)(C)C)c(O)c(C(C)(C)C)c1,0,ccris
CC(C)N.O=C(O)CNCP(=O)(O)O,0,ccris
CCC(C)(CC)c1cc(NC(=O)c2c(OC)cccc2OC)on1,1,ccris
c1ccc2nc3ccc4ccccc4c3cc2c1,0,ccris
Oc1ccc(O)c(c2ccccc2)c1,0,ccris
COc1c(N2CC3CCCNC3C2)c(F)cc2c(=O)c(C(=O)O)cn(C3CC3)c12,0,ccris
CC12CCC3c4ccc(OC(=O)c5ccccc5)cc4CCC3C1CCC2O,1,ccris
Cc1cc(=O)oc2c1cc(C)c1occ(C)c21,0,ccris
NCCO.O=C(Nc1ccc([N+](=O)[O-])cc1Cl)c1cc(Cl)ccc1O,0,ccris
CCSC(=O)N(CC)C1CCCCC1,0,ccris
O=C(O)c1cc(Oc2ccc(C(F)(F)F)cc2Cl)ccc1[N+](=O)[O-],1,ccris
CN1CSC(=S)N(C)C1,0,ccris
Cc1cc2ccccc2c2ccc3c(c12)C1OC1C(O)C3O,1,ccris
CS(=O)(=O)OCCCNCCCOS(=O)(=O)C.[Cl-].[H+],0,ccris
CCCCC(CC)COC(=O)c1ccc(C(=O)OCC(CC)CCCC)cc1,0,ccris
CCCCN(COC(=O)C)N=O,1,ccris
O=C([O-])C(=O)[O-].O=C([O-])C(=O)[O-].O=[Ti+2].[K+].[K+],0,ccris
CON=C(C(=O)OC)c1ccccc1COc1ccccc1C,1,ccris
COc1cc(c2ccc(NN=C3C(=O)c4c(N)cc(S(=O)(=O)[O-])cc4C=C3S(=O)(=O)[O-])c(OC)c2)ccc1NN=C1C(=O)c2c(N)cc(S(=O)(=O)[O-])cc2C=C1S(=O)(=O)[O-].[Na+].[Na+].[Na+].[Na+],1,ccris
CCN(CC)C(=S)[S-].[Na+],0,ccris
CCOP(=O)=O.CCOP(=O)=O.CCOP(=O)=O.[Al+3],0,ccris
Cn1c(CCCC(=O)O)nc2cc(N(CCCl)CCCl)ccc12.[Cl-].[H+],1,ccris
c1ccc2nc3ccccc3cc2c1,0,ccris
[O-][n+]1cc[n+]([O-])c2ccccc12,1,ccris
C#CC1(O)CCC2C3CCc4cc(OC)ccc4C3CCC12C,1,ccris
CC1(c2ccc(Oc3ccccc3)cc2)OC(=O)N(Nc2ccccc2)C1=O,0,ccris
O=CNC(N1CCOCC1)C(Cl)(Cl)Cl,0,ccris
CC12CCC3c4ccc(O)cc4CCC3C1CCC2=O,1,ccris
O=C([O-])CC(O)(CC(=O)O)C(=O)[O-].O=C([O-])CC(O)(CC(=O)O)C(=O)[O-].[Pu],1,ccris
CC(=CCCC(=CC=CC(=CC=CC(=CC=CC=C(C)C=CC=C(C)C=CC=C(C)CCC=C(C)C)C)C)C)C,0,ccris
O=[N+]([O-])c1ccc2ccc3c(O)ccc4ccc1c2c34,0,ccris
O=[N+]([O-])c1cc2c3c(ccc2c2ccccc12)C(O)C(O)C=C3,1,ccris
Clc1ccc(c2ccc(Cl)cc2Cl)c(Cl)c1,1,ccris
NC(CS)C(=O)O.[Cl-].[H+],0,ccris
CS(=O)(=O)O.Cc1ccc(N(CC2=NCCN2)c2cccc(O)c2)cc1,1,ccris
Nc1ccc(N(CCO)CCO)cc1.O=S(=O)(O)O,0,ccris
O=C1OC2(c3ccccc13)c1ccc(O)c(Br)c1Oc1c2ccc(O)c1Br,0,ccris
CCn1c2ccccc2c2ccccc12,0,ccris
CN(C)N=Nc1ccc(Cl)cc1,0,ccris
CCNC(=O)N(C)N=O,1,ccris
C=C(C)C1CC=C(C)C(=O)C1,0,ccris
CC(N)(Cc1ccc(O)c(O)c1)C(=O)O.CC(N)(Cc1ccc(O)c(O)c1)C(=O)O.O.O.O,0,ccris
O=c1[nH]c2ccccc2c2ccccc12,0,ccris
C1CSC[NH2+]1,0,ccris
C[N+](C)(C)NCCC(=O)[O-],0,ccris
CCCCN(CCCC(=O)O)N=O,1,ccris
CCN(N=O)C(=N[N+](=O)[O-])N,1,ccris
CCOP(=S)(OCC)Oc1nc(Cl)n(C(C)C)n1,0,ccris
O=C(O)CCCOc1ccc(Cl)cc1Cl,0,ccris
CC(C)([N+](=O)[O-])C(C)(C)[N+](=O)[O-],0,ccris
CCC(=O)N(O)c1ccc(C=Cc2ccccc2)cc1,1,ccris
O=C1C=CC(=O)C(=C1)c1ccccc1,0,ccris
c1ccc2c(c1)ccc1[nH]c3ccc4ccccc4c3c21,1,ccris
OCCN(CCO)C(=S)[S-].[K+],1,ccris
Cc1cc2ccccc2c2ccc3c(c12)C=CC(O)C3O,1,ccris
Nc1ccc2c(n1)[nH]c1ccccc21,1,ccris
CCS(=O)(=O)N1CCC(C(=O)NC(C)c2ccccc2)CC1,0,ccris
C1=CC2OC2C=C1,0,ccris
Cn1cc(C(=O)C2CCc3nc[nH]c3C2)c2ccccc12.[Cl-].[H+],0,ccris
C=C1CC(=CC)C(=O)OC2CCN3CC=C(COC(=O)C1(O)CO)C23,1,ccris
O=c1[nH]c(=O)n(C2CC(O)C(CO)O2)cc1Br,1,ccris
OC(CNCCCl)C(O)C(O)C(O)CNCCCl,1,ccris
O=[N+]([O-])c1ccc2ccc3c4ccccc4cc4ccc1c2c34,0,ccris
O=[N+]([O-])c1ccc2c3c1ccc1cccc(c31)C1OC21,0,ccris
Oc1ccc2ccc3c4ccc5ccccc5c4c4c(c3c2c1O)O4,1,ccris
c1ccc2c(c1)ccc1c2ccc2c3ccccc3ccc12,1,ccris
O=[N+]([O-])c1ccc2ccc3c([N+](=O)[O-])ccc4ccc1c2c34,1,ccris
ClCC1OC1Cl,1,ccris
Cc1ccc(C(=CC[NH+]2CCCC2)c2ccccn2)cc1.[Cl-],0,ccris
NC(=O)N(CCc1ccccc1)N=O,1,ccris
Nc1ccn(C2CCC(CO)O2)c(=O)n1,1,ccris
CN(N=O)C(CCC(=O)O)c1cccnc1,0,ccris
C#CCN1CC(=O)N(COC(=O)C2C(C=C(C)C)C2(C)C)C1=O,0,ccris
CC=CCC(C)C(O)C1C(=O)NC(CC)C(=O)N(C)CC(=O)N(C)C(CC(C)C)C(=O)NC(C(C)C)C(=O)N(C)C(CC(C)C)C(=O)NC(C)C(=O)NC(C)C(=O)N(C)C(CC(C)C)C(=O)N(C)C(CC(C)C)C(=O)N(C)C(C(C)C)C(=O)N1C,0,ccris
CC1(C)C(C=C(Cl)Cl)C1C(=O)OC(C#N)c1ccc(F)c(Oc2ccccc2)c1,0,ccris
CC1Cc2c(Cl)cc(C(=O)NC(Cc3ccccc3)C(=O)O)c(O)c2C(=O)O1,1,ccris
CCCCCCCCCCCC(=O)N(CCO)CCO,0,ccris
O=CC=Cc1ccccc1,0,ccris
C[N+](C)(C)CCCl.[Cl-],0,ccris
O=[N+]([O-])c1cc2c3ccccc3ccc2c2ccccc12,1,ccris
CC(C)CCCC(C)C1CCC2C3CC=C4CC(OC(=O)Cc5ccc(N(CCCl)CCCl)cc5)CCC4(C)C3CCC12C,1,ccris
CC(=C(CCOC(=O)c1ccccc1)SC(=O)c1ccccc1)N(C=O)Cc1cnc(C)nc1N.[Cl-].[H+],0,ccris
O=CC(=O)CC(O)C(O)CO,0,ccris
CC(=O)Nc1cc(NS(=O)(=O)C(F)(F)F)c(C)cc1C.OCCNCCO,0,ccris
CCC(=O)CNCN=O,1,ccris
CCOC(=O)NO,1,ccris
CN(CCCl)CCCl.[Cl-].[H+],1,ccris
CC(=O)O.CCCCCCCCCCCCN=C(N)N,0,ccris
c1cc2ccc3cccc4ccc(c1)c2c34,0,ccris
O=[N+]([O-])c1cc([As](=O)(O)O)ccc1O,0,ccris
CC(=O)N(O)c1ccc2ccc3cccc4ccc1c2c34,0,ccris
COC(=O)C(Cc1ccccc1)NC(=O)C(N)CC(=O)O,0,ccris
O=[N+]([O-])c1cc2-c3c(-c4c2c(ccc4)c1)cccc3,0,ccris
Cc1ccc(NN=C2C(=O)C(=Cc3ccccc23)C(=O)[O-])c(S(=O)(=O)[O-])c1.[Ca+2],0,ccris
COc1cc2c(c3oc(=O)c4c(c13)CCC4=O)C1(O)C=COC1O2,1,ccris
O=C1NC(=O)C(=O)C(=O)N1,1,ccris
c1ccc2c(c1)ccc1nc3c(ccc4ccccc34)cc21,1,ccris
O=[N+]([O-])c1cc(O)c2ccc3cccc4ccc1c2c34,0,ccris
C=C(C#N)C(=O)OCC(C)C,1,ccris
CN=NNc1c(Cl)cc(Cl)cc1Cl,0,ccris
CCOC(=O)c1ccccc1C(=O)OCC,0,ccris
CC1OC1Cl,1,ccris
O=NN1CCCCCC1,1,ccris
CC1CC2(C)C(O)CCC2C2CCc3cc(O)ccc3C12,0,ccris
CON(C)C(=O)Nc1ccc(Cl)c(Cl)c1,1,ccris
c1ccc2c(c1)cc1c3ccccc3c3cccc4ccc2c1c34,1,ccris
CCC(O)OC,0,ccris
CC(O)CN(C)c1ccc(NN)nn1.[Cl-].[Cl-].[H+].[H+],0,ccris
O=[N+]([O-])c1ccc2ccc3cc4ccccc4c4ccc1c2c34,0,ccris
C1COCCN1.CCCCCCCCC=CCCCCCCCC(=O)O,0,ccris
CCOP(=S)(OCC)SCCSCC,0,ccris
N#Cc1c(Cl)cccc1Cl,1,ccris
ClC(Cl)c1ccccc1,0,ccris
c1ccc2cc3c4ccccc4c4ccccc4c3cc2c1,0,ccris
O=C(O)C1C(C(=O)O)C2(Cl)C(=C(Cl)C1(Cl)C2(Cl)Cl)Cl,1,ccris
O=C1OCCO1,0,ccris
CC1CCCC(C)N1CCCC(O)(c1ccccc1)c1ccccn1.[Cl-].[H+],0,ccris
Cc1cc(c2ccccc2C)ccc1NO,1,ccris
OCC(CO)NC1CC(O)(CO)C(O)C(O)C1O,0,ccris
c1ccc2cc3-c4cccc5cccc(-c3cc2c1)c45,1,ccris
O=C1OC2(c3ccccc13)c1cc(Br)c(O)c(Br)c1Oc1c2cc(Br)c(O)c1Br,0,ccris
N#[N+]c1ccccc1.O=S(=O)([O-])[O-],1,ccris
CN(C)C(=S)[S-].CN(C)C(=S)[S-].[Pb+2],0,ccris
CCCCC(CC)COS(=O)(=O)[O-],0,isscan
ClCCOCCCl,0,isscan
OCCNCCO,0,isscan
O(c1ccc(cc1)C(C)(C)CC(C)(C)C)CCOCC[N+](Cc1ccccc1)(C)C,0,isscan
[O-]S(=O)(=O)c1cc(C)cc(C)c1,0,isscan
C=CCCl,0,isscan
Clc1c(ccc(c1)Cl)O[C@@H](C(=O)O)C,0,isscan
N[C@H](CCC(=O)O)C(=O)O,0,isscan
[C@@H]1(O[C@@H]([C@H]([C@@H]([C@H]1O)O)O)CO)OC[C@H]([C@H]([C@@H]([C@@H](CO)O)O)O)O,0,isscan
O=C(C(CCC(=O)O)N)O,0,isscan
c1ccc(C(C(=O)OC)C2N(N=O)CCCC2)cc1,0,isscan
Clc1nc(nc(n1)NCC)NCC,0,isscan
Clc1cc(c(/N=N/c2c3ccccc3ccc2O)cc1C)S(=O)(=O)[O-],1,isscan
ClCCN(CCCl)c1ccc2ccccc2c1,1,isscan
O=C1c2c(O)c3c(c(O)c2C(=O)c2cccc(OC)c12)C[C@@](O)(C(=O)CO)C[C@@H]3O[C@@H]1O[C@H]([C@@H](O)[C@@H](N)C1)C,1,isscan
O=NN1C[C@@H](O[C@@H](C)C1)C,1,isscan
OCC(Br)CBr,1,isscan
N1c2c(C(=CC1(C)C)C)cccc2,1,isscan
c1ccc(cc1)c1ccccc1,1,isscan
C/C=C/c1cc2c(cc1)OCO2,1,isscan
C[C@@]12[C@]([C@]3([C@@](c4c(cc(cc4)OC)CC3)(CC1)C)C)(CC[C@]2(O)C#C)C,1,isscan
NC(COS(=O)(=O)c1ccc(C)cc1)CN=O,1,isscan
C[C@@]12C(C3C(C4=C(CC(=O)CC4)CC3)CC1)CC[C@@]2(C#C)O,1,isscan
CN(C)CCN(C)N=O,1,isscan
